year,quarter,airport,passengers,departures,arrivals
2015,1,AMD,254046,136535,117511
2015,1,ATQ,102740,53814,48926
2015,1,BLR,667367,350836,316531
2015,1,BOM,2864373,1538255,1326118
2015,1,CCJ,591414,315818,275596
2015,1,CCU,412049,212112,199937
2015,1,CJB,29738,15789,13949
2015,1,COK,837864,448924,388940
2015,1,DEL,3255694,1670282,1585412
2015,1,GAY,25980,11148,14832
2015,1,GOI,114395,63518,50877
2015,1,HYD,629010,336115,292895
2015,1,IXE,118971,65451,53520
2015,1,IXM,53131,27143,25988
2015,1,JAI,88316,45961,42355
2015,1,LKO,130935,72037,58898
2015,1,MAA,1076688,569859,506829
2015,1,NAG,13132,7077,6055
2015,1,PNQ,31348,16952,14396
2015,1,TRV,503192,268264,234928
2015,1,TRZ,254093,130927,123166
2015,1,VNS,14786,9786,5000
2015,1,VTZ,19333,9762,9571
2015,2,AMD,256862,136786,120076
2015,2,ATQ,83430,51862,31568
2015,2,BLR,737653,367180,370473
2015,2,BOM,2771257,1448610,1322647
2015,2,CCJ,494262,245801,248461
2015,2,CCU,415731,216360,199371
2015,2,CJB,32723,16241,16482
2015,2,COK,1041082,504169,536913
2015,2,DEL,3005820,1611634,1394186
2015,2,GAY,3794,2043,1751
2015,2,GOI,70841,35270,35571
2015,2,HYD,678039,343915,334124
2015,2,IXE,167112,84125,82987
2015,2,IXM,62637,31513,31124
2015,2,JAI,84697,45403,39294
2015,2,LKO,142439,74725,67714
2015,2,MAA,1167408,595213,572195
2015,2,NAG,14173,7703,6470
2015,2,PNQ,61025,34718,26307
2015,2,TRV,554348,270215,284133
2015,2,TRZ,281006,139546,141460
2015,2,VNS,2680,1745,935
2015,2,VTZ,24324,11602,12722
2015,3,AMD,235845,124869,110976
2015,3,ATQ,84798,43672,41126
2015,3,BLR,680734,350071,330663
2015,3,BOM,2596448,1359942,1236506
2015,3,CCJ,473528,230546,242982
2015,3,CCU,425742,214362,211380
2015,3,CJB,30212,15820,14392
2015,3,COK,1064241,548414,515827
2015,3,DEL,2937560,1490188,1447372
2015,3,GAY,4432,1872,2560
2015,3,GOI,67218,35695,31523
2015,3,HYD,660560,339123,321437
2015,3,IXE,161980,84395,77585
2015,3,IXM,63943,32737,31206
2015,3,JAI,79830,43147,36683
2015,3,LKO,128737,65334,63403
2015,3,MAA,1150752,606461,544291
2015,3,NAG,12413,7093,5320
2015,3,PNQ,62023,35503,26520
2015,3,TRV,554705,283316,271389
2015,3,TRZ,269981,136205,133776
2015,3,VNS,9885,5264,4621
2015,3,VTZ,20018,10454,9564
2015,4,AMD,271730,125684,146046
2015,4,ATQ,125226,57907,67319
2015,4,BLR,836800,390560,446240
2015,4,BOM,2730556,1332094,1398462
2015,4,CCJ,490938,254071,236867
2015,4,CCU,538734,265118,273616
2015,4,CJB,34372,16878,17494
2015,4,COK,1066967,532989,533978
2015,4,DEL,3219640,1530247,1689393
2015,4,GAY,24537,10961,13576
2015,4,GOI,108839,48822,60017
2015,4,HYD,720994,355335,365659
2015,4,IXE,163278,84548,78730
2015,4,IXM,66839,34655,32184
2015,4,JAI,88551,43460,45091
2015,4,LKO,149066,72289,76777
2015,4,MAA,1056541,522353,534188
2015,4,NAG,20039,10028,10011
2015,4,PNQ,62329,32073,30256
2015,4,TRV,540206,267979,272227
2015,4,TRZ,259143,128747,130396
2015,4,VNS,21142,12287,8855
2015,4,VTZ,26606,12644,13962
2016,1,AMD,304101,160584,143517
2016,1,ATQ,142979,71292,71687
2016,1,BLR,764272,397366,366906
2016,1,BOM,2907526,1515768,1391758
2016,1,CCJ,527239,255781,271458
2016,1,CCU,529660,272366,257294
2016,1,CJB,31327,16415,14912
2016,1,COK,1106679,591693,514986
2016,1,DEL,3364247,1717420,1646827
2016,1,GAY,26161,11810,14351
2016,1,GOI,123709,68854,54855
2016,1,HYD,727963,394484,333479
2016,1,IXE,160563,87533,73030
2016,1,IXM,70257,36519,33738
2016,1,JAI,99050,52021,47029
2016,1,LKO,172195,88955,83240
2016,1,MAA,1170834,611144,559690
2016,1,NAG,39036,21955,17081
2016,1,PNQ,60467,33459,27008
2016,1,TRV,548818,290942,257876
2016,1,TRZ,287992,147681,140311
2016,1,VNS,20719,12231,8488
2016,1,VTZ,29024,15015,14009
2016,2,AMD,277031,148775,128256
2016,2,ATQ,124283,73133,51150
2016,2,BLR,835315,411885,423430
2016,2,BOM,2947208,1528587,1418621
2016,2,CCJ,523044,247578,275466
2016,2,CCU,525476,266739,258737
2016,2,CJB,34690,16995,17695
2016,2,COK,1170992,555960,615032
2016,2,DEL,3296616,1755823,1540793
2016,2,GAY,3073,1762,1311
2016,2,GOI,75287,40261,35026
2016,2,HYD,753301,374737,378564
2016,2,IXE,165543,81208,84335
2016,2,IXM,72949,35977,36972
2016,2,JAI,94824,50547,44277
2016,2,LKO,168954,86625,82329
2016,2,MAA,1233786,615342,618444
2016,2,NAG,30008,16581,13427
2016,2,PNQ,61642,32417,29225
2016,2,TRV,570912,271949,298963
2016,2,TRZ,295962,144986,150976
2016,2,VNS,11395,6049,5346
2016,2,VTZ,24702,11829,12873
2016,3,AMD,259529,132466,127063
2016,3,ATQ,145465,70645,74820
2016,3,BLR,783722,404926,378796
2016,3,BOM,2895291,1500354,1394937
2016,3,CCJ,556519,280643,275876
2016,3,CCU,486339,246440,239899
2016,3,CJB,32665,16794,15871
2016,3,COK,1214639,620643,593996
2016,3,DEL,3382282,1697749,1684533
2016,3,GAY,1805,777,1028
2016,3,GOI,71645,39707,31938
2016,3,HYD,761899,382275,379624
2016,3,IXC,2932,1681,1251
2016,3,IXE,183461,98063,85398
2016,3,IXM,81059,41242,39817
2016,3,JAI,94138,49730,44408
2016,3,LKO,149190,75619,73571
2016,3,MAA,1230105,641420,588685
2016,3,NAG,26389,15233,11156
2016,3,PNQ,62182,33589,28593
2016,3,TRV,574075,288838,285237
2016,3,TRZ,289176,146135,143041
2016,3,VNS,12739,6970,5769
2016,3,VTZ,21131,10579,10552
2016,4,AMD,280218,127513,152705
2016,4,ATQ,160051,71911,88140
2016,4,BLR,818322,391161,427161
2016,4,BOM,2998550,1437335,1561215
2016,4,CCJ,546079,284347,261732
2016,4,CCU,525561,258570,266991
2016,4,CJB,36723,18113,18610
2016,4,COK,1124886,567532,557354
2016,4,DEL,3702263,1751711,1950552
2016,4,GAY,26041,10179,15862
2016,4,GOI,133025,60499,72526
2016,4,HYD,746739,350614,396125
2016,4,IXC,37560,17850,19710
2016,4,IXE,179945,90496,89449
2016,4,IXM,66288,34614,31674
2016,4,JAI,108454,53705,54749
2016,4,LKO,164933,79413,85520
2016,4,MAA,1185844,578522,607322
2016,4,NAG,26574,12097,14477
2016,4,PNQ,67199,33250,33949
2016,4,TRV,545999,269345,276654
2016,4,TRZ,297740,141622,156118
2016,4,VNS,39274,21571,17703
2016,4,VTZ,24684,10951,13733
2017,1,AMD,284268,152499,131769
2017,1,ATQ,167932,83752,84180
2017,1,BLR,787015,409496,377519
2017,1,BOM,3042083,1633530,1408553
2017,1,CCJ,571437,307930,263507
2017,1,CCU,578201,296058,282143
2017,1,CJB,32977,17874,15103
2017,1,COK,1125043,595577,529466
2017,1,DEL,3922359,2014593,1907766
2017,1,GAY,33154,13705,19449
2017,1,GOI,153095,81481,71614
2017,1,HYD,744299,389000,355299
2017,1,IXC,41358,21089,20269
2017,1,IXE,175920,94281,81639
2017,1,IXM,67813,35359,32454
2017,1,JAI,114070,59137,54933
2017,1,LKO,174072,85811,88261
2017,1,MAA,1179971,613629,566342
2017,1,NAG,24726,13655,11071
2017,1,PNQ,66879,35200,31679
2017,1,TRV,559533,295600,263933
2017,1,TRZ,298271,144595,153676
2017,1,VNS,32674,17647,15027
2017,1,VTZ,25825,13173,12652
2017,2,AMD,274680,140191,134489
2017,2,ATQ,146819,80587,66232
2017,2,BBI,10735,5471,5264
2017,2,BLR,886133,428758,457375
2017,2,BOM,3199241,1619118,1580123
2017,2,CCJ,655615,297099,358516
2017,2,CCU,595784,295020,300764
2017,2,CJB,37256,18541,18715
2017,2,COK,1207454,559506,647948
2017,2,DEL,3726687,1943506,1783181
2017,2,GAY,4327,2635,1692
2017,2,GOI,89543,46100,43443
2017,2,HYD,795429,380946,414483
2017,2,IXC,35021,19053,15968
2017,2,IXE,192036,90340,101696
2017,2,IXM,74183,37400,36783
2017,2,JAI,116456,59835,56621
2017,2,LKO,181418,85199,96219
2017,2,MAA,1270177,619727,650450
2017,2,NAG,27681,14499,13182
2017,2,PNQ,69785,34801,34984
2017,2,TRV,601186,276842,324344
2017,2,TRZ,358652,171482,187170
2017,2,VNS,27600,13245,14355
2017,2,VTZ,26882,13071,13811
2017,3,AMD,260289,134780,125509
2017,3,ATQ,142842,71312,71530
2017,3,BBI,11135,5963,5172
2017,3,BLR,878895,457949,420946
2017,3,BOM,3078674,1602715,1475959
2017,3,CCJ,703262,363463,339799
2017,3,CCU,587927,301741,286186
2017,3,CJB,44242,22884,21358
2017,3,COK,1281676,662191,619485
2017,3,DEL,3782028,1912167,1869861
2017,3,GAY,605,159,446
2017,3,GOI,64975,34319,30656
2017,3,HYD,828200,419670,408530
2017,3,IXC,34152,17546,16606
2017,3,IXE,194370,101694,92676
2017,3,IXM,65602,33912,31690
2017,3,JAI,110092,56397,53695
2017,3,LKO,168281,79962,88319
2017,3,MAA,1249648,658343,591305
2017,3,NAG,22948,12966,9982
2017,3,PNQ,68589,35633,32956
2017,3,TRV,628339,321494,306845
2017,3,TRZ,336423,173111,163312
2017,3,VNS,28117,13170,14947
2017,3,VTZ,27927,13852,14075
2017,4,AMD,295169,136577,158592
2017,4,ATQ,176415,82023,94392
2017,4,BBI,19750,9840,9910
2017,4,BLR,916075,435536,480539
2017,4,BOM,3411709,1634472,1777237
2017,4,CCJ,650550,333446,317104
2017,4,CCU,675698,330033,345665
2017,4,CJB,52747,26643,26104
2017,4,COK,1165813,574052,591761
2017,4,DEL,4224005,2037016,2186989
2017,4,GAY,25261,7208,18053
2017,4,GOI,146484,64036,82448
2017,4,HYD,800405,378948,421457
2017,4,IXC,39269,18745,20524
2017,4,IXE,185956,94344,91612
2017,4,IXM,81552,42276,39276
2017,4,JAI,121630,57953,63677
2017,4,LKO,185974,92112,93862
2017,4,MAA,1262986,614720,648266
2017,4,NAG,24873,11943,12930
2017,4,PNQ,73084,35168,37916
2017,4,TRV,574805,276584,298221
2017,4,TRZ,343906,166192,177714
2017,4,VNS,39263,22562,16701
2017,4,VTZ,35201,16392,18809
2018,1,AMD,306322,158029,148293
2018,1,ATQ,192356,94710,97646
2018,1,BBI,26260,14085,12175
2018,1,BLR,908072,470725,437347
2018,1,BOM,3409653,1799013,1610640
2018,1,CCJ,636817,327706,309111
2018,1,CCU,663330,337995,325335
2018,1,CJB,53081,28416,24665
2018,1,COK,1171721,617003,554718
2018,1,DEL,4263277,2180922,2082355
2018,1,GAY,27402,9164,18238
2018,1,GOI,196094,104544,91550
2018,1,HYD,842504,435038,407466
2018,1,IXC,41540,20216,21324
2018,1,IXE,184219,97258,86961
2018,1,IXM,79831,41430,38401
2018,1,JAI,130311,63829,66482
2018,1,LKO,204794,99090,105704
2018,1,MAA,1407622,748405,659217
2018,1,NAG,23120,12759,10361
2018,1,PNQ,70188,35347,34841
2018,1,TRV,595156,305412,289744
2018,1,TRZ,335206,168012,167194
2018,1,VNS,38535,21741,16794
2018,1,VTZ,37775,18735,19040
2018,2,AMD,290140,152349,137791
2018,2,ATQ,162983,87134,75849
2018,2,BBI,28617,14514,14103
2018,2,BLR,1034877,506755,528122
2018,2,BOM,3352157,1710693,1641464
2018,2,CCJ,646524,296739,349785
2018,2,CCU,655663,331636,324027
2018,2,CJB,64409,33104,31305
2018,2,COK,1228068,576689,651379
2018,2,DEL,4063735,2137366,1926369
2018,2,GAY,4272,2586,1686
2018,2,GOI,94808,50351,44457
2018,2,HYD,875153,423679,451474
2018,2,IXC,34652,18152,16500
2018,2,IXE,195306,92476,102830
2018,2,IXM,93848,47090,46758
2018,2,JAI,121643,61018,60625
2018,2,LKO,212977,101659,111318
2018,2,MAA,1443646,719727,723919
2018,2,NAG,27318,14420,12898
2018,2,PNQ,71792,35704,36088
2018,2,TRV,629978,294872,335106
2018,2,TRZ,327577,158034,169543
2018,2,VNS,29882,15346,14536
2018,2,VTZ,40509,19791,20718
2018,3,AMD,284503,146666,137837
2018,3,ATQ,160171,79590,80581
2018,3,BBI,14353,7322,7031
2018,3,BLR,1013014,525582,487432
2018,3,BOM,3234322,1682400,1551922
2018,3,CCJ,724735,369984,354751
2018,3,CCU,646433,329884,316549
2018,3,CJB,55629,30187,25442
2018,3,COK,988947,509882,479065
2018,3,DEL,4035904,2067535,1968369
2018,3,GAY,587,186,401
2018,3,GOI,64485,33356,31129
2018,3,HYD,868257,455290,412967
2018,3,IXC,36701,18684,18017
2018,3,IXE,195373,101729,93644
2018,3,IXM,82971,43470,39501
2018,3,JAI,123401,63054,60347
2018,3,LKO,202629,102884,99745
2018,3,MAA,1437865,753335,684530
2018,3,NAG,26421,14691,11730
2018,3,PNQ,61890,31931,29959
2018,3,TRV,687692,354685,333007
2018,3,TRZ,276131,138158,137973
2018,3,VNS,33102,17169,15933
2018,3,VTZ,43065,24047,19018
2018,4,AMD,327508,148945,178563
2018,4,ATQ,212188,97689,114499
2018,4,BBI,15437,8015,7422
2018,4,BLR,1117882,529705,588177
2018,4,BOM,3438123,1633002,1805121
2018,4,CCJ,689732,347428,342304
2018,4,CCU,735224,359059,376165
2018,4,CJB,58557,29792,28765
2018,4,COK,1115045,544119,570926
2018,4,DEL,4434181,2122220,2311961
2018,4,GAY,34784,11540,23244
2018,4,GOI,138782,60896,77886
2018,4,HYD,881595,419720,461875
2018,4,IXC,32262,14675,17587
2018,4,IXE,176473,88025,88448
2018,4,IXM,84858,42596,42262
2018,4,JAI,125852,60337,65515
2018,4,LKO,209955,103523,106432
2018,4,MAA,1443800,703970,739830
2018,4,MAQ,16041,7605,8436
2018,4,NAG,24448,10884,13564
2018,4,PNQ,73773,33784,39989
2018,4,TRV,570966,274664,296302
2018,4,TRZ,298237,140157,158080
2018,4,VGA,2189,982,1207
2018,4,VNS,45212,24637,20575
2018,4,VTZ,33436,15144,18292
2019,1,AMD,359046,190104,168942
2019,1,ATQ,221638,110458,111180
2019,1,BBI,20108,10415,9693
2019,1,BLR,1149121,601493,547628
2019,1,BOM,3348223,1795300,1552923
2019,1,CCJ,697892,362180,335712
2019,1,CCU,746946,385728,361218
2019,1,CJB,54732,30218,24514
2019,1,COK,1087347,577296,510051
2019,1,DEL,4364452,2248088,2116364
2019,1,GAU,0,0,0
2019,1,GAY,51013,19109,31904
2019,1,HYD,866491,448867,417624
2019,1,ISK,0,0,0
2019,1,IXC,24885,12588,12297
2019,1,IXE,152352,80360,71992
2019,1,IXM,87276,46290,40986
2019,1,JAI,128164,63689,64475
2019,1,LKO,203318,99868,103450
2019,1,MAA,1439318,746284,693034
2019,1,MAQ,76417,40973,35444
2019,1,NAG,25167,13812,11355
2019,1,PNQ,74822,38369,36453
2019,1,STV,2812,1514,1298
2019,1,TRV,569188,295277,273911
2019,1,TRZ,333519,167309,166210
2019,1,VGA,4208,2478,1730
2019,1,VNS,67670,35177,32493
2019,1,VTZ,42482,21329,21153
2019,2,AMD,381209,196089,185120
2019,2,ATQ,172101,91521,80580
2019,2,BBI,17628,8839,8789
2019,2,BLR,1208887,597962,610925
2019,2,BOM,2686902,1368635,1318267
2019,2,CCJ,729910,342285,387625
2019,2,CCU,769113,388097,381016
2019,2,CJB,63544,32498,31046
2019,2,COK,1205719,579473,626246
2019,2,DEL,3903321,2035103,1868218
2019,2,GAU,0,0,0
2019,2,GAY,2994,1913,1081
2019,2,HYD,923954,454236,469718
2019,2,ISK,0,0,0
2019,2,IXC,36143,18697,17446
2019,2,IXE,157722,75813,81909
2019,2,IXM,93995,44364,49631
2019,2,JAI,116082,58069,58013
2019,2,LKO,201092,96310,104782
2019,2,MAA,1475942,740104,735838
2019,2,MAQ,191184,90093,101091
2019,2,NAG,34100,17806,16294
2019,2,PNQ,41197,20832,20365
2019,2,STV,11284,5866,5418
2019,2,TRV,569359,267437,301922
2019,2,TRZ,350775,169348,181427
2019,2,VGA,5233,2714,2519
2019,2,VNS,61047,28827,32220
2019,2,VTZ,42561,21421,21140
2019,3,AMD,360522,185876,174646
2019,3,ATQ,173357,87037,86320
2019,3,BBI,22517,11925,10592
2019,3,BLR,1146952,594559,552393
2019,3,BOM,2590145,1361368,1228777
2019,3,CCJ,690330,355749,334581
2019,3,CCU,697821,351646,346175
2019,3,CJB,57359,30858,26501
2019,3,COK,1111259,577928,533331
2019,3,DEL,3963055,2019444,1943611
2019,3,GAU,4086,2066,2020
2019,3,GAY,709,205,504
2019,3,HYD,993337,456098,537239
2019,3,IDR,7389,3996,3393
2019,3,ISK,0,0,0
2019,3,IXC,34181,16498,17683
2019,3,IXE,148372,76506,71866
2019,3,IXM,90669,46910,43759
2019,3,JAI,104351,54202,50149
2019,3,LKO,151015,79247,71768
2019,3,MAA,1993703,1129785,863918
2019,3,MAQ,223635,115222,108413
2019,3,NAG,30589,15654,14935
2019,3,PNQ,37065,18882,18183
2019,3,STV,9950,4726,5224
2019,3,TRV,572365,286127,286238
2019,3,TRZ,346930,174501,172429
2019,3,VNS,42448,21256,21192
2019,3,VTZ,40936,20776,20160
2019,4,AMD,405889,188756,217133
2019,4,ATQ,227712,106290,121422
2019,4,BBI,14599,6851,7748
2019,4,BLR,1209222,579099,630123
2019,4,BOM,2934315,1416433,1517882
2019,4,CCJ,680546,342605,337941
2019,4,CCU,779684,383844,395840
2019,4,CJB,65165,32227,32938
2019,4,COK,1077351,529536,547815
2019,4,DEL,4697898,2326198,2371700
2019,4,GAY,36145,16335,19810
2019,4,HYD,956683,449023,507660
2019,4,IDR,9854,4946,4908
2019,4,IXC,33582,15548,18034
2019,4,IXE,146086,72819,73267
2019,4,IXM,88072,43903,44169
2019,4,IXZ,162,162,0
2019,4,JAI,140347,67870,72477
2019,4,LKO,201721,99284,102437
2019,4,MAA,1463309,710055,753254
2019,4,MAQ,221857,107607,114250
2019,4,NAG,29047,13247,15800
2019,4,PNQ,43269,21057,22212
2019,4,STV,12899,5757,7142
2019,4,TRV,524371,258884,265487
2019,4,TRZ,274594,128755,145839
2019,4,VNS,58809,27307,31502
2019,4,VTZ,31338,13920,17418
2020,1,AMD,331416,173090,158326
2020,1,ATQ,204907,105276,99631
2020,1,BBI,8253,4612,3641
2020,1,BLR,839590,431330,408260
2020,1,BOM,2269157,1218598,1050559
2020,1,CCJ,568554,292747,275807
2020,1,CCU,597242,299814,297428
2020,1,CJB,49593,26111,23482
2020,1,COK,862888,465588,397300
2020,1,DEL,3355509,1718521,1636988
2020,1,GAY,28698,13567,15131
2020,1,HYD,691013,358268,332745
2020,1,IDR,8067,4168,3899
2020,1,IXC,19629,9763,9866
2020,1,IXE,117719,62730,54989
2020,1,IXM,76003,38425,37578
2020,1,JAI,112230,55443,56787
2020,1,LKO,154609,79064,75545
2020,1,MAA,1111562,571578,539984
2020,1,MAQ,186154,96065,90089
2020,1,NAG,17456,9816,7640
2020,1,PNQ,33709,16902,16807
2020,1,STV,10130,5246,4884
2020,1,TRV,440705,227809,212896
2020,1,TRZ,267383,132598,134785
2020,1,VGA,26,6,20
2020,1,VNS,51953,24770,27183
2020,1,VTZ,29351,14780,14571
2020,2,AMD,8635,1882,6753
2020,2,ATQ,13361,9795,3566
2020,2,BBI,2714,0,2714
2020,2,BLR,9421,1963,7458
2020,2,BOM,41454,17899,23555
2020,2,CCJ,36412,400,36012
2020,2,CCU,6922,871,6051
2020,2,CJB,1345,110,1235
2020,2,COK,48271,3667,44604
2020,2,DEL,136230,72584,63646
2020,2,GAU,141,0,141
2020,2,GAY,3643,0,3643
2020,2,HYD,13394,524,12870
2020,2,IDR,269,0,269
2020,2,IXC,1067,0,1067
2020,2,IXE,3874,279,3595
2020,2,IXM,2282,0,2282
2020,2,JAI,4692,0,4692
2020,2,LKO,10840,441,10399
2020,2,MAA,12767,3213,9554
2020,2,MAQ,17295,12,17283
2020,2,NAG,437,0,437
2020,2,PNQ,758,298,460
2020,2,SXR,1972,0,1972
2020,2,TRV,22114,1177,20937
2020,2,TRZ,3906,602,3304
2020,2,VGA,605,0,605
2020,2,VNS,242,0,242
2020,2,VTZ,1984,0,1984
2020,3,AMD,16251,5693,10558
2020,3,ATQ,27524,7794,19730
2020,3,BBI,4377,27,4350
2020,3,BLR,61848,27601,34247
2020,3,BOM,188498,97254,91244
2020,3,CCJ,98050,30261,67789
2020,3,CCU,5132,1631,3501
2020,3,CJB,5315,1292,4023
2020,3,COK,132716,47591,85125
2020,3,DEL,532185,262585,269600
2020,3,GAU,317,0,317
2020,3,GAY,2892,0,2892
2020,3,HYD,68736,19863,48873
2020,3,IDR,844,0,844
2020,3,IXB,213,0,213
2020,3,IXC,3623,0,3623
2020,3,IXE,18562,6662,11900
2020,3,IXM,6349,0,6349
2020,3,JAI,23829,5940,17889
2020,3,LKO,94956,8025,86931
2020,3,MAA,60817,19557,41260
2020,3,MAQ,39876,12136,27740
2020,3,NAG,301,0,301
2020,3,PNQ,985,0,985
2020,3,SXR,1378,0,1378
2020,3,TRV,67349,19171,48178
2020,3,TRZ,39749,8715,31034
2020,3,VGA,12870,171,12699
2020,3,VNS,3391,201,3190
2020,3,VTZ,3502,49,3453
2020,4,AMD,49103,25134,23969
2020,4,ATQ,58311,24705,33606
2020,4,BLR,121320,47691,73629
2020,4,BOM,366974,181901,185073
2020,4,CCJ,185801,81778,104023
2020,4,CCU,38744,16867,21877
2020,4,CJB,6491,3008,3483
2020,4,COK,243291,114360,128931
2020,4,DEL,808440,378637,429803
2020,4,HYD,153422,65997,87425
2020,4,IXC,4904,544,4360
2020,4,IXE,55784,26506,29278
2020,4,IXM,17965,6116,11849
2020,4,JAI,41442,20314,21128
2020,4,LKO,102357,22900,79457
2020,4,MAA,152085,69122,82963
2020,4,MAQ,98616,47233,51383
2020,4,PNQ,1558,117,1441
2020,4,SXR,64,0,64
2020,4,TRV,125616,50443,75173
2020,4,TRZ,62528,20167,42361
2020,4,VGA,16649,127,16522
2020,4,VNS,7256,1010,6246
2020,4,VTZ,1167,46,1121
2021,1,AMD,107796,45640,62156
2021,1,ATQ,96687,46232,50455
2021,1,BLR,215889,104999,110890
2021,1,BOM,481257,274338,206919
2021,1,CCJ,297725,140878,156847
2021,1,CCU,83540,42607,40933
2021,1,CJB,11357,5429,5928
2021,1,COK,364593,186574,178019
2021,1,DEL,1207340,615137,592203
2021,1,HYD,257323,124313,133010
2021,1,IXC,3157,998,2159
2021,1,IXE,77748,37963,39785
2021,1,IXM,25506,11493,14013
2021,1,JAI,48987,23160,25827
2021,1,LKO,151565,48171,103394
2021,1,MAA,233200,116009,117191
2021,1,MAQ,128679,62184,66495
2021,1,NAG,239,93,146
2021,1,PNQ,1637,0,1637
2021,1,STV,382,76,306
2021,1,TRV,193252,86468,106784
2021,1,TRZ,82736,31986,50750
2021,1,VGA,16028,0,16028
2021,1,VNS,9146,2827,6319
2021,2,AMD,48359,17788,30571
2021,2,ATQ,40975,19011,21964
2021,2,BLR,108257,55955,52302
2021,2,BOM,239073,141261,97812
2021,2,CCJ,160385,58304,102081
2021,2,CCU,29671,11201,18470
2021,2,CJB,6314,2325,3989
2021,2,COK,219852,97376,122476
2021,2,DEL,665045,344924,320121
2021,2,HYD,149298,57431,91867
2021,2,IXC,1440,712,728
2021,2,IXE,34179,12505,21674
2021,2,IXM,7690,3013,4677
2021,2,JAI,22936,9463,13473
2021,2,LKO,75677,11840,63837
2021,2,MAA,139474,53346,86128
2021,2,MAQ,67604,23600,44004
2021,2,STV,1269,547,722
2021,2,TRV,104127,35795,68332
2021,2,TRZ,46469,10836,35633
2021,2,VGA,3053,0,3053
2021,2,VNS,8220,1622,6598
2021,3,AMD,79528,42226,37302
2021,3,ATQ,53953,32473,21480
2021,3,BLR,198673,113319,85354
2021,3,BOM,514130,315319,198811
2021,3,CCJ,238475,122103,116372
2021,3,CCU,39383,18892,20491
2021,3,CJB,8351,3788,4563
2021,3,COK,393355,223405,169950
2021,3,DEL,1026259,584819,441440
2021,3,HYD,236208,117104,119104
2021,3,IDR,1127,578,549
2021,3,ISK,0,0,0
2021,3,IXC,656,433,223
2021,3,IXE,40099,17306,22793
2021,3,IXM,327,263,64
2021,3,JAI,9019,577,8442
2021,3,LKO,74449,29503,44946
2021,3,MAA,226798,107435,119363
2021,3,MAQ,105488,51213,54275
2021,3,STV,188,0,188
2021,3,TRV,164864,81635,83229
2021,3,TRZ,66139,22295,43844
2021,3,VGA,7604,211,7393
2021,3,VNS,5271,0,5271
2021,4,AMD,221527,113276,108251
2021,4,ATQ,131824,67615,64209
2021,4,BLR,347278,169289,177989
2021,4,BOM,1050861,559501,491360
2021,4,CCJ,455028,258311,196717
2021,4,CCU,121571,60682,60889
2021,4,CJB,24816,13051,11765
2021,4,COK,733541,398987,334554
2021,4,DEL,2066658,1070941,995717
2021,4,HYD,487833,245403,242430
2021,4,IDR,2737,1385,1352
2021,4,IXC,7309,4192,3117
2021,4,IXE,82805,44201,38604
2021,4,IXM,19814,9903,9911
2021,4,JAI,60793,30697,30096
2021,4,LKO,167194,75444,91750
2021,4,MAA,545348,279936,265412
2021,4,MAQ,173551,93790,79761
2021,4,NAG,2748,1388,1360
2021,4,STV,6455,3654,2801
2021,4,SXR,8109,6590,1519
2021,4,TRV,318041,161643,156398
2021,4,TRZ,137822,67988,69834
2021,4,VGA,13272,1463,11809
2021,4,VNS,21101,10862,10239
2021,4,VTZ,162,26,136
2022,1,AMD,248474,135909,112565
2022,1,ATQ,132105,68473,63632
2022,1,BLR,339638,186193,153445
2022,1,BOM,1205716,691225,514491
2022,1,CCJ,456158,259060,197098
2022,1,CCU,147207,73057,74150
2022,1,CJB,24562,12396,12166
2022,1,COK,748597,430650,317947
2022,1,DEL,2360668,1249843,1110825
2022,1,GAY,30,0,30
2022,1,HYD,493176,269390,223786
2022,1,IDR,2839,1469,1370
2022,1,IXC,8711,4664,4047
2022,1,IXE,92662,53258,39404
2022,1,IXM,33017,18487,14530
2022,1,JAI,67631,34730,32901
2022,1,LKO,223405,113551,109854
2022,1,MAA,638074,346086,291988
2022,1,MAQ,171505,92959,78546
2022,1,NAG,8258,4615,3643
2022,1,PNQ,16980,9123,7857
2022,1,STV,7324,4173,3151
2022,1,SXR,937,937,0
2022,1,TRV,314502,169892,144610
2022,1,TRZ,154739,79317,75422
2022,1,VGA,9753,2359,7394
2022,1,VNS,21775,11947,9828
2022,1,VTZ,2899,1149,1750
2022,2,AMD,304073,161197,142876
2022,2,ATQ,158922,87354,71568
2022,2,BLR,665787,333494,332293
2022,2,BOM,2087207,1105953,981254
2022,2,CCJ,606846,299067,307779
2022,2,CCU,370695,195992,174703
2022,2,CJB,43555,21132,22423
2022,2,COK,948880,464947,483933
2022,2,DEL,3094608,1657226,1437382
2022,2,HYD,755316,374502,380814
2022,2,IDR,3539,1833,1706
2022,2,IXC,32306,17340,14966
2022,2,IXE,137216,67258,69958
2022,2,IXM,45140,22899,22241
2022,2,JAI,85066,44211,40855
2022,2,LKO,205641,100113,105528
2022,2,MAA,969756,479207,490549
2022,2,MAQ,188752,91637,97115
2022,2,NAG,10414,4823,5591
2022,2,PNQ,27781,13614,14167
2022,2,STV,6515,3713,2802
2022,2,TRV,410998,200054,210944
2022,2,TRZ,251312,124865,126447
2022,2,VGA,6949,764,6185
2022,2,VNS,26795,13098,13697
2022,2,VTZ,13550,6904,6646
2022,3,AMD,290085,157979,132106
2022,3,ATQ,154766,79686,75080
2022,3,BLR,852372,465512,386860
2022,3,BOM,2424599,1339019,1085580
2022,3,CCJ,629008,338442,290566
2022,3,CCU,459654,243658,215996
2022,3,CJB,48720,25386,23334
2022,3,COK,1042860,557485,485375
2022,3,DEL,3595415,1916325,1679090
2022,3,GAY,648,321,327
2022,3,HYD,840570,464605,375965
2022,3,IDR,3699,1853,1846
2022,3,IXB,349,205,144
2022,3,IXC,35961,18456,17505
2022,3,IXE,134315,72757,61558
2022,3,IXM,45845,25684,20161
2022,3,JAI,98632,53244,45388
2022,3,LKO,222433,125940,96493
2022,3,MAA,1186942,642343,544599
2022,3,MAQ,210159,114432,95727
2022,3,NAG,16859,9121,7738
2022,3,PNQ,28443,14865,13578
2022,3,STV,7031,3919,3112
2022,3,TRV,449586,237606,211980
2022,3,TRZ,280968,156497,124471
2022,3,VGA,5218,891,4327
2022,3,VNS,23781,12437,11344
2022,3,VTZ,17061,9944,7117
2022,4,AMD,363473,173576,189897
2022,4,ATQ,190843,92100,98743
2022,4,BLR,1006036,481448,524588
2022,4,BOM,2867387,1401825,1465562
2022,4,CCJ,572844,297100,275744
2022,4,CCU,557867,280611,277256
2022,4,CJB,49998,23735,26263
2022,4,COK,983818,492193,491625
2022,4,DEL,4100895,1977374,2123521
2022,4,GAU,266,189,77
2022,4,GAY,18064,8236,9828
2022,4,HYD,920263,434828,485435
2022,4,IDR,3891,1853,2038
2022,4,IXB,1086,580,506
2022,4,IXC,37660,18300,19360
2022,4,IXE,136408,69901,66507
2022,4,IXM,49074,26028,23046
2022,4,JAI,106001,51314,54687
2022,4,LKO,206998,98481,108517
2022,4,MAA,1234239,607470,626769
2022,4,MAQ,209333,106445,102888
2022,4,NAG,15237,7200,8037
2022,4,PNQ,38641,19072,19569
2022,4,STV,8442,4172,4270
2022,4,TRV,411603,203897,207706
2022,4,TRZ,283838,139493,144345
2022,4,VGA,6174,2171,4003
2022,4,VNS,27681,13825,13856
2022,4,VTZ,17910,8143,9767
2023,1,AMD,387692,208016,179676
2023,1,ATQ,225795,116758,109037
2023,1,BLR,954195,513089,441106
2023,1,BOM,3123194,1739205,1383989
2023,1,CCJ,595540,318525,277015
2023,1,CCU,523627,276050,247577
2023,1,CJB,48334,25295,23039
2023,1,COK,1082755,587703,495052
2023,1,DEL,4238913,2215730,2023183
2023,1,GAU,726,369,357
2023,1,GAY,30603,15125,15478
2023,1,GOX,103578,55184,48394
2023,1,HYD,948612,510933,437679
2023,1,IDR,3724,1872,1852
2023,1,IXB,1138,552,586
2023,1,IXC,37914,19810,18104
2023,1,IXE,124150,67471,56679
2023,1,IXM,50181,27985,22196
2023,1,JAI,106740,56127,50613
2023,1,LKO,205036,110120,94916
2023,1,MAA,1249693,666697,582996
2023,1,MAQ,245917,130147,115770
2023,1,NAG,19321,10548,8773
2023,1,PNQ,45758,24137,21621
2023,1,STV,11830,6639,5191
2023,1,TRV,444524,234053,210471
2023,1,TRZ,312593,164991,147602
2023,1,VGA,7091,3918,3173
2023,1,VNS,29688,15810,13878
2023,1,VTZ,16517,9524,6993
2023,2,AMD,344163,181692,162471
2023,2,ATQ,214436,120588,93848
2023,2,BBI,11795,5772,6023
2023,2,BLR,1048931,524494,524437
2023,2,BOM,3101743,1589743,1512000
2023,2,CCJ,662234,318667,343567
2023,2,CCU,573199,298153,275046
2023,2,CJB,54593,27442,27151
2023,2,COK,1170385,568333,602052
2023,2,DEL,4196320,2196054,2000266
2023,2,GAU,1594,864,730
2023,2,GAY,3688,2027,1661
2023,2,GOX,93437,47752,45685
2023,2,HYD,1059970,523266,536704
2023,2,IDR,9282,4851,4431
2023,2,IXB,2097,1161,936
2023,2,IXC,38275,20252,18023
2023,2,IXE,137817,67860,69957
2023,2,IXM,55742,28280,27462
2023,2,JAI,99502,50689,48813
2023,2,LKO,172459,79377,93082
2023,2,MAA,1394563,702790,691773
2023,2,MAQ,200514,98960,101554
2023,2,NAG,20644,10721,9923
2023,2,PNQ,43869,22125,21744
2023,2,STV,12403,5893,6510
2023,2,TRV,478984,228346,250638
2023,2,TRZ,321528,160005,161523
2023,2,VGA,10518,5257,5261
2023,2,VNS,30694,14941,15753
2023,2,VTZ,18050,9397,8653
2023,3,AMD,364522,200545,163977
2023,3,ATQ,227574,117201,110373
2023,3,BBI,25641,14019,11622
2023,3,BLR,1040818,553159,487659
2023,3,BOM,3144967,1701911,1443056
2023,3,CCJ,667460,362919,304541
2023,3,CCU,578478,303614,274864
2023,3,CJB,51166,26905,24261
2023,3,COK,1219368,647381,571987
2023,3,DEL,4349236,2287441,2061795
2023,3,GAU,1254,644,610
2023,3,GOX,94186,52337,41849
2023,3,HYD,1067347,585040,482307
2023,3,IDR,10747,6174,4573
2023,3,IXB,1369,768,601
2023,3,IXC,39010,21627,17383
2023,3,IXE,128649,68290,60359
2023,3,IXM,53983,30471,23512
2023,3,JAI,88480,46797,41683
2023,3,LKO,210618,119594,91024
2023,3,MAA,1417241,766524,650717
2023,3,MAQ,173931,88686,85245
2023,3,NAG,23805,13211,10594
2023,3,PNQ,40206,21793,18413
2023,3,STV,13123,6686,6437
2023,3,TRV,455814,240466,215348
2023,3,TRZ,305544,162931,142613
2023,3,VGA,10259,5983,4276
2023,3,VNS,23936,13446,10490
2023,3,VTZ,16384,8749,7635
2023,4,AMD,444111,214446,229665
2023,4,ATQ,253231,122305,130926
2023,4,BBI,30705,15020,15685
2023,4,BLR,1156731,555349,601382
2023,4,BOM,3478683,1668950,1809733
2023,4,CCJ,648590,334787,313803
2023,4,CCU,641550,315586,325964
2023,4,CJB,51221,25144,26077
2023,4,COK,1186850,586496,600354
2023,4,DEL,4983918,2396750,2587168
2023,4,GAU,5912,2556,3356
2023,4,GAY,28694,13205,15489
2023,4,GOX,136236,63354,72882
2023,4,HYD,1143948,539291,604657
2023,4,IDR,11419,5677,5742
2023,4,IXB,2825,1334,1491
2023,4,IXC,34419,16763,17656
2023,4,IXE,125105,63939,61166
2023,4,IXM,58391,29609,28782
2023,4,JAI,87215,43530,43685
2023,4,LKO,271454,131549,139905
2023,4,MAA,1390537,674129,716408
2023,4,MAQ,189525,95826,93699
2023,4,NAG,27361,12391,14970
2023,4,PNQ,44631,22144,22487
2023,4,STV,18859,9309,9550
2023,4,TRV,460824,227878,232946
2023,4,TRZ,314080,151205,162875
2023,4,VGA,6555,3337,3218
2023,4,VNS,28450,14685,13765
2023,4,VTZ,15934,7461,8473
2024,1,AMD,460381,242811,217570
2024,1,ATQ,272941,134877,138064
2024,1,BBI,28588,15077,13511
2024,1,BLR,1127263,594573,532690
2024,1,BOM,3696444,1971982,1724462
2024,1,CCJ,684673,377461,307212
2024,1,CCU,574866,300030,274836
2024,1,CJB,50704,25939,24765
2024,1,COK,1174386,625174,549212
2024,1,DEL,5263858,2694651,2569207
2024,1,GAU,12541,6505,6036
2024,1,GAY,42397,21388,21009
2024,1,GOX,149957,80481,69476
2024,1,HYD,1141758,605804,535954
2024,1,IDR,12710,6714,5996
2024,1,IXB,1800,931,869
2024,1,IXC,30485,15420,15065
2024,1,IXE,125345,66431,58914
2024,1,IXM,56723,30023,26700
2024,1,JAI,98971,49221,49750
2024,1,LKO,262928,129589,133339
2024,1,MAA,1424404,743678,680726
2024,1,MAQ,194574,102428,92146
2024,1,NAG,27115,15505,11610
2024,1,PNQ,46493,25207,21286
2024,1,STV,35175,19907,15268
2024,1,TRV,489819,259439,230380
2024,1,TRZ,328145,168515,159630
2024,1,VGA,7336,4029,3307
2024,1,VNS,30672,16269,14403
2024,1,VTZ,15779,8354,7425
2024,2,AMD,470172,236865,233307
2024,2,ATQ,259456,138719,120737
2024,2,BBI,30563,15484,15079
2024,2,BLR,1251423,628710,622713
2024,2,BOM,3484024,1771762,1712262
2024,2,CCJ,706094,341638,364456
2024,2,CCU,579819,291255,288564
2024,2,CJB,54012,27128,26884
2024,2,COK,1300137,626390,673747
2024,2,DEL,4913657,2556462,2357195
2024,2,GAU,12178,6339,5839
2024,2,GOX,108497,56863,51634
2024,2,HYD,1164425,566688,597737
2024,2,IDR,10154,5138,5016
2024,2,IXB,2321,1301,1020
2024,2,IXC,40022,20197,19825
2024,2,IXE,125910,61974,63936
2024,2,IXM,62089,31258,30831
2024,2,JAI,108576,54158,54418
2024,2,LKO,269416,129816,139600
2024,2,MAA,1403695,699881,703814
2024,2,MAQ,228386,107413,120973
2024,2,NAG,23651,11875,11776
2024,2,PNQ,51034,26089,24945
2024,2,STV,35175,18507,16668
2024,2,TRV,548938,267921,281017
2024,2,TRZ,340656,169566,171090
2024,2,VGA,7135,3617,3518
2024,2,VNS,29167,15057,14110
2024,2,VTZ,33435,17127,16308
2024,3,AMD,473419,249604,223815
2024,3,ATQ,254242,128106,126136
2024,3,BBI,29243,15987,13256
2024,3,BLR,1207527,636259,571268
2024,3,BOM,3412768,1816521,1596247
2024,3,CCJ,726989,380496,346493
2024,3,CCU,540362,279121,261241
2024,3,CJB,47041,25360,21681
2024,3,COK,1295168,670347,624821
2024,3,DEL,4973200,2562861,2410339
2024,3,GAU,11649,6040,5609
2024,3,GOX,83560,43628,39932
2024,3,HYD,1170855,615374,555481
2024,3,IDR,11586,6101,5485
2024,3,IXB,1761,901,860
2024,3,IXC,49773,25428,24345
2024,3,IXE,148001,80984,67017
2024,3,IXM,50962,27681,23281
2024,3,JAI,103840,52640,51200
2024,3,LKO,276452,147938,128514
2024,3,MAA,1388555,726513,662042
2024,3,MAQ,252548,135156,117392
2024,3,NAG,25541,13505,12036
2024,3,PNQ,42351,22752,19599
2024,3,STV,34954,19562,15392
2024,3,TRV,530408,274763,255645
2024,3,TRZ,328416,168168,160248
2024,3,VGA,6103,3224,2879
2024,3,VNS,25245,12841,12404
2024,3,VTZ,27122,12142,14980
2024,4,AMD,541832,258664,283168
2024,4,ATQ,285416,133908,151508
2024,4,BBI,35601,17478,18123
2024,4,BLR,1491784,707939,783845
2024,4,BOM,3938088,1892842,2045246
2024,4,CCJ,669258,338947,330311
2024,4,CCU,614143,304046,310097
2024,4,CJB,74628,35536,39092
2024,4,COK,1240886,613485,627401
2024,4,DEL,5418546,2585944,2832602
2024,4,GAU,15471,8242,7229
2024,4,GAY,31971,15325,16646
2024,4,GOX,136271,60553,75718
2024,4,HYD,1274994,604565,670429
2024,4,IDR,13438,6536,6902
2024,4,IXB,2148,1247,901
2024,4,IXC,48487,22978,25509
2024,4,IXE,168276,84618,83658
2024,4,IXM,58508,29763,28745
2024,4,JAI,112445,54821,57624
2024,4,LKO,310653,148324,162329
2024,4,MAA,1411719,685015,726704
2024,4,MAQ,239260,124914,114346
2024,4,NAG,23150,10674,12476
2024,4,PNQ,62816,30896,31920
2024,4,STV,37659,18324,19335
2024,4,TRV,500853,248160,252693
2024,4,TRZ,326666,155502,171164
2024,4,VGA,7277,3300,3977
2024,4,VNS,32618,14910,17708
2024,4,VTZ,32452,16162,16290
2025,1,AMD,534753,285891,248862
2025,1,ATQ,311633,156884,154749
2025,1,BBI,26437,13681,12756
2025,1,BLR,1492441,783688,708753
2025,1,BOM,3856307,2082812,1773495
2025,1,CCJ,694959,379639,315320
2025,1,CCU,545595,277757,267838
2025,1,CJB,80876,43994,36882
2025,1,COK,1231223,658039,573184
2025,1,DEL,5694799,2904825,2789974
2025,1,GAU,9787,4981,4806
2025,1,GAY,29712,14482,15230
2025,1,GOX,155722,83552,72170
2025,1,HYD,1235375,648460,586915
2025,1,IDR,13512,7359,6153
2025,1,IXB,2091,1027,1064
2025,1,IXC,48689,25364,23325
2025,1,IXE,161054,89158,71896
2025,1,IXM,55415,29592,25823
2025,1,JAI,110779,55827,54952
2025,1,LKO,302761,152248,150513
2025,1,MAA,1450861,745147,705714
2025,1,MAQ,230559,125958,104601
2025,1,NAG,23572,12740,10832
2025,1,PNQ,87139,46483,40656
2025,1,STV,48007,25391,22616
2025,1,TRV,504410,268933,235477
2025,1,TRZ,337555,170690,166865
2025,1,VGA,6883,3830,3053
2025,1,VNS,32960,16373,16587
2025,1,VTZ,24604,12702,11902
2025,2,AMD,510616,267346,243270
2025,2,ATQ,235840,129770,106070
2025,2,BBI,27687,13609,14078
2025,2,BLR,1625570,799044,826526
2025,2,BOM,3699710,1911367,1788343
2025,2,CCJ,749070,351962,397108
2025,2,CCU,549082,278447,270635
2025,2,CJB,80971,41193,39778
2025,2,COK,1310557,637700,672857
2025,2,DEL,5057464,2623247,2434217
2025,2,GAU,11156,5605,5551
2025,2,GOX,105059,54202,50857
2025,2,HYD,1251590,620831,630759
2025,2,IDR,11504,6437,5067
2025,2,IXB,1964,1091,873
2025,2,IXC,36404,20171,16233
2025,2,IXE,173076,86057,87019
2025,2,IXM,47608,23471,24137
2025,2,JAI,147218,75369,71849
2025,2,LKO,277084,136791,140293
2025,2,MAA,1538268,773893,764375
2025,2,MAQ,278426,133674,144752
2025,2,NAG,23086,12204,10882
2025,2,PNQ,88700,45108,43592
2025,2,STV,49059,25358,23701
2025,2,TRV,599091,293682,305409
2025,2,TRZ,364496,179174,185322
2025,2,VGA,6973,3664,3309
2025,2,VNS,32061,15127,16934
2025,2,VTZ,23208,11785,11423
2025,3,AMD,517073,274186,242887
2025,3,ATQ,240686,124647,116039
2025,3,BBI,32627,17759,14868
2025,3,BLR,1608901,844116,764785
2025,3,BOM,3782543,2001043,1781500
2025,3,CCJ,806069,420189,385880
2025,3,CCU,515400,263687,251713
2025,3,CJB,82120,43311,38809
2025,3,COK,1378552,718335,660217
2025,3,DEL,4794668,2441606,2353062
2025,3,GAU,12033,6196,5837
2025,3,GAY,253,149,104
2025,3,GOX,86786,46072,40714
2025,3,HYD,1348960,712823,636137
2025,3,IDR,12328,7499,4829
2025,3,IXB,1616,975,641
2025,3,IXC,40980,22064,18916
2025,3,IXE,169518,90679,78839
2025,3,IXM,51209,28513,22696
2025,3,JAI,142836,75591,67245
2025,3,LKO,274444,146092,128352
2025,3,MAA,1529422,811855,717567
2025,3,MAQ,298010,158291,139719
2025,3,NAG,24169,12565,11604
2025,3,PNQ,74307,38886,35421
2025,3,STV,47066,25551,21515
2025,3,TRV,615972,320709,295263
2025,3,TRZ,343561,175421,168140
2025,3,VGA,5933,3340,2593
2025,3,VNS,31174,15826,15348
2025,3,VTZ,27061,14810,12251
2025,4,AMD,642669,314294,328375
2025,4,ATQ,278836,133363,145473
2025,4,BBI,50121,23757,26364
2025,4,BLR,1883980,893729,990251
2025,4,BOM,4309181,2069028,2240153
2025,4,CCJ,719690,362996,356694
2025,4,CCU,599920,293581,306339
2025,4,CJB,75696,37467,38229
2025,4,COK,1338215,663877,674338
2025,4,DEL,5545326,2649057,2896269
2025,4,GAU,14623,7320,7303
2025,4,GAY,15095,7360,7735
2025,4,GOX,142909,67394,75515
2025,4,HYD,1453894,704023,749871
2025,4,IDR,23860,12011,11849
2025,4,IXB,1653,864,789
2025,4,IXC,41614,20687,20927
2025,4,IXE,196847,100804,96043
2025,4,IXM,50554,25771,24783
2025,4,JAI,154575,75456,79119
2025,4,LKO,298045,146194,151851
2025,4,MAA,1557188,754805,802383
2025,4,MAQ,233928,121387,112541
2025,4,NAG,24032,11369,12663
2025,4,PNQ,96857,48582,48275
2025,4,STV,59074,30569,28505
2025,4,TRV,596378,299236,297142
2025,4,TRZ,338824,160522,178302
2025,4,VGA,12457,5690,6767
2025,4,VNS,44755,21899,22856
2025,4,VTZ,29795,14859,14936
