year,airport,category,passengers
2015,AMD,international,1018483
2015,ATQ,international,396194
2015,BLR,international,2922554
2015,BOM,international,10962634
2015,CCJ,international,2050142
2015,CCU,international,1792256
2015,CJB,international,127045
2015,COK,international,4010154
2015,DEL,international,12418714
2015,GAY,international,58743
2015,GOI,international,361293
2015,HYD,international,2688603
2015,IXE,international,611341
2015,IXM,international,246550
2015,JAI,international,341394
2015,LKO,international,551177
2015,MAA,international,4451389
2015,NAG,international,59757
2015,PNQ,international,216725
2015,TRV,international,2152451
2015,TRZ,international,1064223
2015,VNS,international,48493
2015,VTZ,international,90281
2016,AGR,domestic,9111
2016,AGX,domestic,17748
2016,AJL,domestic,184524
2016,AMD,domestic,6106637
2016,ATQ,domestic,1033677
2016,BBI,domestic,2106999
2016,BDQ,domestic,1069633
2016,BHJ,domestic,172653
2016,BHO,domestic,689437
2016,BHU,domestic,19236
2016,BLR,domestic,18592859
2016,BOM,domestic,32246632
2016,BUP,domestic,611
2016,CCJ,domestic,409288
2016,CCU,domestic,12747016
2016,CDP,domestic,7866
2016,CJB,domestic,1859191
2016,COK,domestic,3921030
2016,DED,domestic,770258
2016,DEL,domestic,40997111
2016,DGH,domestic,7466
2016,DHM,domestic,108294
2016,DIB,domestic,301292
2016,DIU,domestic,21144
2016,DMU,domestic,132497
2016,GAU,domestic,3617090
2016,GAY,domestic,73895
2016,GOI,domestic,5683804
2016,GOP,domestic,44895
2016,GWL,domestic,14886
2016,HBX,domestic,33852
2016,HJR,domestic,62819
2016,HYD,domestic,11645241
2016,IDR,domestic,1689294
2016,IMF,domestic,821860
2016,IXA,domestic,1083349
2016,IXB,domestic,1402596
2016,IXC,domestic,1694467
2016,IXD,domestic,43609
2016,IXE,domestic,970956
2016,IXG,domestic,104123
2016,IXI,domestic,7385
2016,IXJ,domestic,1169909
2016,IXL,domestic,465205
2016,IXM,domestic,708431
2016,IXR,domestic,1000430
2016,IXS,domestic,189898
2016,IXU,domestic,308829
2016,IXZ,domestic,1061483
2016,JAI,domestic,3136199
2016,JDH,domestic,312041
2016,JGA,domestic,87404
2016,JLR,domestic,146078
2016,JRH,domestic,52533
2016,KNU,domestic,1197
2016,KUU,domestic,21955
2016,LKO,domestic,3078751
2016,MAA,domestic,12595414
2016,NAG,domestic,1724506
2016,PAT,domestic,1942697
2016,PBD,domestic,4490
2016,PGH,domestic,10693
2016,PNQ,domestic,6188965
2016,RAJ,domestic,397878
2016,RJA,domestic,235374
2016,RPR,domestic,1326732
2016,SHL,domestic,12283
2016,STV,domestic,157117
2016,SXR,domestic,2180086
2016,TCR,domestic,101620
2016,TEZ,domestic,4465
2016,TIR,domestic,502086
2016,TRV,domestic,1546931
2016,TRZ,domestic,172380
2016,UDR,domestic,1038616
2016,VGA,domestic,624698
2016,VNS,domestic,1721495
2016,VTZ,domestic,2191666
2016,AMD,international,1120879
2016,ATQ,international,572778
2016,BLR,international,3201631
2016,BOM,international,11748575
2016,CCJ,international,2152881
2016,CCU,international,2067036
2016,CJB,international,135405
2016,COK,international,4617196
2016,DEL,international,13745408
2016,GAY,international,57080
2016,GOI,international,403666
2016,HYD,international,2989902
2016,IXC,international,40492
2016,IXE,international,689512
2016,IXM,international,290553
2016,JAI,international,396466
2016,LKO,international,655272
2016,MAA,international,4820569
2016,NAG,international,122007
2016,PNQ,international,251490
2016,TRV,international,2239804
2016,TRZ,international,1170870
2016,VNS,international,84127
2016,VTZ,international,99541
2017,AGR,domestic,9605
2017,AGX,domestic,22491
2017,AJL,domestic,265040
2017,AMD,domestic,7468423
2017,ATQ,domestic,1478662
2017,BBI,domestic,2900304
2017,BDQ,domestic,994938
2017,BHJ,domestic,172738
2017,BHO,domestic,654385
2017,BHU,domestic,22382
2017,BKB,domestic,10471
2017,BLR,domestic,21216114
2017,BOM,domestic,33756281
2017,BUP,domestic,13398
2017,CCJ,domestic,493100
2017,CCU,domestic,16465893
2017,CDP,domestic,26003
2017,CJB,domestic,2114011
2017,COK,domestic,4787505
2017,DED,domestic,1036866
2017,DEL,domestic,46906282
2017,DGH,domestic,5917
2017,DHM,domestic,131184
2017,DIB,domestic,329355
2017,DIU,domestic,18771
2017,DMU,domestic,177049
2017,GAU,domestic,4764015
2017,GAY,domestic,61564
2017,GOI,domestic,6666192
2017,GOP,domestic,108600
2017,GWL,domestic,23277
2017,HBX,domestic,33491
2017,HJR,domestic,56137
2017,HYD,domestic,14867922
2017,IDR,domestic,2144487
2017,IMF,domestic,899552
2017,ISK,domestic,174
2017,IXA,domestic,1279581
2017,IXB,domestic,2145143
2017,IXC,domestic,2125848
2017,IXD,domestic,44428
2017,IXE,domestic,1306146
2017,IXG,domestic,125740
2017,IXI,domestic,6210
2017,IXJ,domestic,1369442
2017,IXL,domestic,601630
2017,IXM,domestic,994460
2017,IXR,domestic,1732522
2017,IXS,domestic,327555
2017,IXU,domestic,326247
2017,IXY,domestic,25507
2017,IXZ,domestic,1402909
2017,JAI,domestic,3931933
2017,JDH,domestic,432553
2017,JGA,domestic,66251
2017,JLG,domestic,78
2017,JLR,domestic,229983
2017,JRH,domestic,71883
2017,JSA,domestic,15792
2017,KNU,domestic,4642
2017,KUU,domestic,24654
2017,LKO,domestic,3729251
2017,LUH,domestic,5538
2017,MAA,domestic,14176981
2017,MYQ,domestic,9034
2017,NAG,domestic,1949444
2017,NDC,domestic,23111
2017,PAT,domestic,2868266
2017,PBD,domestic,24890
2017,PGH,domestic,14952
2017,PNQ,domestic,7511285
2017,PNY,domestic,17532
2017,RAJ,domestic,363701
2017,RJA,domestic,219263
2017,RPR,domestic,1525217
2017,SAG,domestic,17539
2017,SHL,domestic,13694
2017,SLV,domestic,6208
2017,STV,domestic,555158
2017,SXR,domestic,2262558
2017,TCR,domestic,104987
2017,TEZ,domestic,1693
2017,TIR,domestic,519212
2017,TRV,domestic,1855779
2017,TRZ,domestic,132722
2017,UDR,domestic,1075443
2017,VDY,domestic,6516
2017,VGA,domestic,723093
2017,VNS,domestic,1810935
2017,VTZ,domestic,2329744
2017,AMD,international,1114406
2017,ATQ,international,634008
2017,BBI,international,41620
2017,BLR,international,3468118
2017,BOM,international,12731707
2017,CCJ,international,2580864
2017,CCU,international,2437610
2017,CJB,international,167222
2017,COK,international,4779986
2017,DEL,international,15655079
2017,GAY,international,63347
2017,GOI,international,454097
2017,HYD,international,3168333
2017,IXC,international,149800
2017,IXE,international,748282
2017,IXM,international,289150
2017,JAI,international,462248
2017,LKO,international,709745
2017,MAA,international,4962782
2017,NAG,international,100228
2017,PNQ,international,278337
2017,TRV,international,2363863
2017,TRZ,international,1337252
2017,VNS,international,127654
2017,VTZ,international,115835
2018,AGR,domestic,17749
2018,AGX,domestic,27250
2018,AIP,domestic,35213
2018,AJL,domestic,235496
2018,AMD,domestic,9311060
2018,ATQ,domestic,1724991
2018,BBI,domestic,4075836
2018,BDQ,domestic,1088156
2018,BHJ,domestic,188933
2018,BHO,domestic,741698
2018,BHU,domestic,37468
2018,BKB,domestic,53717
2018,BLR,domestic,27956196
2018,BOM,domestic,35814474
2018,BUP,domestic,38243
2018,CCJ,domestic,623059
2018,CCU,domestic,19096318
2018,CDP,domestic,108439
2018,CJB,domestic,2700944
2018,COK,domestic,5479298
2018,DED,domestic,1221520
2018,DEL,domestic,51966210
2018,DGH,domestic,30308
2018,DHM,domestic,139866
2018,DIB,domestic,347238
2018,DIU,domestic,20020
2018,DMU,domestic,192918
2018,GAU,domestic,5774610
2018,GAY,domestic,74399
2018,GOI,domestic,7426377
2018,GOP,domestic,180266
2018,GWL,domestic,21737
2018,HBX,domestic,352524
2018,HJR,domestic,58166
2018,HYD,domestic,18796013
2018,IDR,domestic,2960445
2018,IMF,domestic,1151049
2018,ISK,domestic,24969
2018,IXA,domestic,1423887
2018,IXB,domestic,2777399
2018,IXC,domestic,1819634
2018,IXD,domestic,85495
2018,IXE,domestic,1612929
2018,IXG,domestic,109613
2018,IXI,domestic,8098
2018,IXJ,domestic,1402491
2018,IXL,domestic,740493
2018,IXM,domestic,1252125
2018,IXP,domestic,9108
2018,IXR,domestic,2448263
2018,IXS,domestic,393957
2018,IXT,domestic,1460
2018,IXU,domestic,347595
2018,IXY,domestic,53985
2018,IXZ,domestic,1686731
2018,JAI,domestic,4748799
2018,JDH,domestic,485530
2018,JGA,domestic,80357
2018,JGB,domestic,735
2018,JLG,domestic,2063
2018,JLR,domestic,234843
2018,JRH,domestic,128958
2018,JSA,domestic,108065
2018,KLH,domestic,4215
2018,KNU,domestic,73843
2018,KQH,domestic,11985
2018,KUU,domestic,25903
2018,LKO,domestic,4880679
2018,LUH,domestic,17745
2018,MAA,domestic,16982341
2018,MAQ,domestic,16320
2018,MDA,domestic,1329
2018,MYQ,domestic,41369
2018,NAG,domestic,2622378
2018,NDC,domestic,109667
2018,PAT,domestic,3923098
2018,PBD,domestic,53642
2018,PGH,domestic,12760
2018,PNQ,domestic,8692836
2018,PNY,domestic,87786
2018,PYG,domestic,11331
2018,RAJ,domestic,355197
2018,RJA,domestic,430632
2018,RPR,domestic,2024741
2018,SAG,domestic,122625
2018,SHL,domestic,14565
2018,SLV,domestic,9188
2018,STV,domestic,1058213
2018,SXR,domestic,2666540
2018,SXV,domestic,31751
2018,TCR,domestic,159706
2018,TEZ,domestic,5780
2018,TIR,domestic,823899
2018,TRV,domestic,2097903
2018,TRZ,domestic,290845
2018,UDR,domestic,1316865
2018,VDY,domestic,69594
2018,VGA,domestic,1129263
2018,VNS,domestic,2454548
2018,VTZ,domestic,2709700
2018,AMD,international,1208473
2018,ATQ,international,727698
2018,BBI,international,84667
2018,BLR,international,4073845
2018,BOM,international,13434255
2018,CCJ,international,2697808
2018,CCU,international,2700650
2018,CJB,international,231676
2018,COK,international,4503781
2018,DEL,international,16797097
2018,GAY,international,67045
2018,GOI,international,494169
2018,HYD,international,3467509
2018,IXC,international,145155
2018,IXE,international,751371
2018,IXM,international,341508
2018,JAI,international,501207
2018,LKO,international,830355
2018,MAA,international,5732933
2018,MAQ,international,16041
2018,NAG,international,101307
2018,PNQ,international,277643
2018,TRV,international,2483792
2018,TRZ,international,1237151
2018,VGA,international,2189
2018,VNS,international,146731
2018,VTZ,international,154785
2019,AGR,domestic,20234
2019,AGX,domestic,28268
2019,AIP,domestic,54604
2019,AJL,domestic,163420
2019,AMD,domestic,10136253
2019,ATQ,domestic,1712173
2019,BBI,domestic,3873603
2019,BDQ,domestic,1137619
2019,BHJ,domestic,60098
2019,BHO,domestic,1280954
2019,BHU,domestic,35478
2019,BKB,domestic,51818
2019,BLR,domestic,28734398
2019,BOM,domestic,34869213
2019,BUP,domestic,29640
2019,CCJ,domestic,535956
2019,CCU,domestic,19910272
2019,CDP,domestic,112014
2019,CJB,domestic,2768103
2019,COK,domestic,5681993
2019,DED,domestic,1322060
2019,DEL,domestic,52005839
2019,DGH,domestic,128010
2019,DHM,domestic,149799
2019,DIB,domestic,486120
2019,DIU,domestic,18547
2019,DMU,domestic,185565
2019,GAU,domestic,5989261
2019,GAY,domestic,96429
2019,GBI,domestic,1403
2019,GOI,domestic,7960888
2019,GOP,domestic,614291
2019,GWL,domestic,115081
2019,HBX,domestic,505936
2019,HDO,domestic,2854
2019,HJR,domestic,36965
2019,HYD,domestic,20318085
2019,IDR,domestic,3019830
2019,IMF,domestic,1288137
2019,ISK,domestic,100343
2019,IXA,domestic,1389589
2019,IXB,domestic,3388978
2019,IXC,domestic,2181783
2019,IXD,domestic,382948
2019,IXE,domestic,1296954
2019,IXG,domestic,201571
2019,IXI,domestic,20683
2019,IXJ,domestic,1476891
2019,IXL,domestic,700494
2019,IXM,domestic,1073164
2019,IXP,domestic,12208
2019,IXR,domestic,2528944
2019,IXS,domestic,390479
2019,IXT,domestic,908
2019,IXU,domestic,315641
2019,IXY,domestic,75106
2019,IXZ,domestic,1700499
2019,JAI,domestic,4724033
2019,JDH,domestic,489249
2019,JGA,domestic,67661
2019,JLG,domestic,10859
2019,JLR,domestic,334108
2019,JRG,domestic,168020
2019,JRH,domestic,139798
2019,JSA,domestic,196548
2019,KLH,domestic,109943
2019,KNU,domestic,244993
2019,KQH,domestic,111135
2019,KUU,domestic,24847
2019,LKO,domestic,4985391
2019,LUH,domestic,16919
2019,MAA,domestic,17054187
2019,MAQ,domestic,782812
2019,MYQ,domestic,109999
2019,NAG,domestic,3007059
2019,NDC,domestic,137091
2019,NNS,domestic,3393
2019,PAT,domestic,4450358
2019,PBD,domestic,76054
2019,PGH,domestic,25590
2019,PNQ,domestic,8542647
2019,PNY,domestic,72583
2019,PYG,domestic,14464
2019,RAJ,domestic,225404
2019,RJA,domestic,366707
2019,RPR,domestic,2151543
2019,SAG,domestic,556829
2019,SHL,domestic,22606
2019,SLV,domestic,7639
2019,STV,domestic,1548956
2019,SXR,domestic,2799135
2019,SXV,domestic,39613
2019,TCR,domestic,234186
2019,TEZ,domestic,4050
2019,TIR,domestic,870142
2019,TRV,domestic,1794518
2019,TRZ,domestic,298386
2019,UDR,domestic,1294454
2019,VDY,domestic,72049
2019,VGA,domestic,1143083
2019,VNS,domestic,2825674
2019,VTZ,domestic,2639403
2019,AMD,international,1506666
2019,ATQ,international,794808
2019,BBI,international,74852
2019,BLR,international,4714182
2019,BOM,international,11559585
2019,CCJ,international,2798678
2019,CCU,international,2993564
2019,CJB,international,240800
2019,COK,international,4481676
2019,DEL,international,16928726
2019,GAU,international,4086
2019,GAY,international,90861
2019,HYD,international,3740465
2019,IDR,international,17243
2019,ISK,international,0
2019,IXC,international,128791
2019,IXE,international,604532
2019,IXM,international,360012
2019,IXZ,international,162
2019,JAI,international,488944
2019,LKO,international,757146
2019,MAA,international,6372272
2019,MAQ,international,713093
2019,NAG,international,118903
2019,PNQ,international,196353
2019,STV,international,36945
2019,TRV,international,2235283
2019,TRZ,international,1305818
2019,VGA,international,9441
2019,VNS,international,229974
2019,VTZ,international,157317
2020,AGR,domestic,2692
2020,AGX,domestic,7915
2020,AIP,domestic,15211
2020,AJL,domestic,106611
2020,AMD,domestic,4317182
2020,ATQ,domestic,771833
2020,BBI,domestic,1837212
2020,BDQ,domestic,421965
2020,BHJ,domestic,17800
2020,BHO,domestic,530968
2020,BHU,domestic,12987
2020,BKB,domestic,24411
2020,BLR,domestic,12444949
2020,BOM,domestic,13273443
2020,BUP,domestic,2796
2020,CCJ,domestic,209394
2020,CCU,domestic,8930768
2020,CDP,domestic,55022
2020,CJB,domestic,1081672
2020,COK,domestic,1946125
2020,DBR,domestic,49973
2020,DED,domestic,650648
2020,DEL,domestic,23053272
2020,DGH,domestic,105702
2020,DHM,domestic,89109
2020,DIB,domestic,369822
2020,DIU,domestic,15201
2020,DMU,domestic,105308
2020,GAU,domestic,2642105
2020,GAY,domestic,57316
2020,GBI,domestic,48625
2020,GOI,domestic,2894682
2020,GOP,domestic,497004
2020,GWL,domestic,77964
2020,HBX,domestic,154896
2020,HDO,domestic,10398
2020,HJR,domestic,16286
2020,HYD,domestic,9138021
2020,IDR,domestic,1203613
2020,IMF,domestic,519252
2020,ISK,domestic,75183
2020,IXA,domestic,669437
2020,IXB,domestic,1611770
2020,IXC,domestic,1275807
2020,IXD,domestic,346339
2020,IXE,domestic,539103
2020,IXG,domestic,259845
2020,IXI,domestic,10328
2020,IXJ,domestic,877818
2020,IXL,domestic,231504
2020,IXM,domestic,544478
2020,IXP,domestic,10421
2020,IXR,domestic,1306435
2020,IXS,domestic,260773
2020,IXT,domestic,498
2020,IXU,domestic,213046
2020,IXX,domestic,13630
2020,IXY,domestic,63030
2020,IXZ,domestic,593906
2020,JAI,domestic,2140638
2020,JDH,domestic,360589
2020,JGA,domestic,26722
2020,JGB,domestic,12870
2020,JLG,domestic,13147
2020,JLR,domestic,151342
2020,JRG,domestic,164524
2020,JRH,domestic,67321
2020,JSA,domestic,93994
2020,KLH,domestic,78462
2020,KNU,domestic,115009
2020,KQH,domestic,88078
2020,KUU,domestic,8152
2020,LKO,domestic,2414086
2020,LUH,domestic,8028
2020,MAA,domestic,6477167
2020,MAQ,domestic,251211
2020,MDA,domestic,270
2020,MYQ,domestic,88537
2020,NAG,domestic,1210493
2020,NDC,domestic,50398
2020,NNS,domestic,1890
2020,PAT,domestic,2809623
2020,PBD,domestic,26671
2020,PGH,domestic,15026
2020,PNQ,domestic,3178549
2020,PNY,domestic,18199
2020,RAJ,domestic,128703
2020,RJA,domestic,212546
2020,RPR,domestic,1099025
2020,SAG,domestic,184881
2020,SHL,domestic,9301
2020,SLV,domestic,2308
2020,STV,domestic,609764
2020,SXR,domestic,1567531
2020,SXV,domestic,17944
2020,TCR,domestic,132920
2020,TEZ,domestic,1572
2020,TIR,domestic,353978
2020,TRV,domestic,728823
2020,TRZ,domestic,190351
2020,UDR,domestic,521129
2020,VDY,domestic,30272
2020,VGA,domestic,471423
2020,VNS,domestic,1717028
2020,VTZ,domestic,1240023
2020,AMD,international,405405
2020,ATQ,international,304103
2020,BBI,international,15344
2020,BLR,international,1032179
2020,BOM,international,2866083
2020,CCJ,international,888817
2020,CCU,international,648040
2020,CJB,international,62744
2020,COK,international,1287166
2020,DEL,international,4832364
2020,GAU,international,458
2020,GAY,international,35233
2020,HYD,international,926565
2020,IDR,international,9180
2020,IXB,international,213
2020,IXC,international,29223
2020,IXE,international,195939
2020,IXM,international,102599
2020,JAI,international,182193
2020,LKO,international,362762
2020,MAA,international,1337231
2020,MAQ,international,341941
2020,NAG,international,18194
2020,PNQ,international,37010
2020,STV,international,10130
2020,SXR,international,3414
2020,TRV,international,655784
2020,TRZ,international,373566
2020,VGA,international,30150
2020,VNS,international,62842
2020,VTZ,international,36004
2021,AGR,domestic,53517
2021,AGX,domestic,17690
2021,AIP,domestic,13400
2021,AJL,domestic,148190
2021,AMD,domestic,5329634
2021,ATQ,domestic,1030534
2021,BBI,domestic,2173590
2021,BDQ,domestic,513468
2021,BEK,domestic,69825
2021,BHJ,domestic,16580
2021,BHO,domestic,718094
2021,BHU,domestic,31763
2021,BKB,domestic,17396
2021,BLR,domestic,15183404
2021,BOM,domestic,17617840
2021,CCJ,domestic,289804
2021,CCU,domestic,10929866
2021,CDP,domestic,39256
2021,CJB,domestic,1247689
2021,COK,domestic,2430900
2021,DBR,domestic,629666
2021,DED,domestic,965612
2021,DEL,domestic,32002443
2021,DGH,domestic,232274
2021,DHM,domestic,132377
2021,DIB,domestic,531379
2021,DIU,domestic,24376
2021,DMU,domestic,197366
2021,GAU,domestic,3448234
2021,GAY,domestic,54328
2021,GBI,domestic,87185
2021,GOI,domestic,5163784
2021,GOP,domestic,629226
2021,GWL,domestic,175966
2021,HBX,domestic,213282
2021,HDO,domestic,27856
2021,HSS,domestic,391
2021,HYD,domestic,11007480
2021,IDR,domestic,1578915
2021,IMF,domestic,782670
2021,ISK,domestic,87326
2021,IXA,domestic,893084
2021,IXB,domestic,2215623
2021,IXC,domestic,2343791
2021,IXD,domestic,433008
2021,IXE,domestic,749562
2021,IXG,domestic,331458
2021,IXI,domestic,20059
2021,IXJ,domestic,1230862
2021,IXL,domestic,881300
2021,IXM,domestic,660316
2021,IXP,domestic,11134
2021,IXR,domestic,1737320
2021,IXS,domestic,339539
2021,IXT,domestic,4460
2021,IXU,domestic,248224
2021,IXX,domestic,8310
2021,IXY,domestic,101394
2021,IXZ,domestic,762027
2021,JAI,domestic,2689896
2021,JDH,domestic,675718
2021,JGA,domestic,47605
2021,JGB,domestic,46328
2021,JLG,domestic,12249
2021,JLR,domestic,271682
2021,JRG,domestic,287800
2021,JRH,domestic,70798
2021,JSA,domestic,75531
2021,KBK,domestic,3156
2021,KJB,domestic,23492
2021,KLH,domestic,97408
2021,KNU,domestic,152901
2021,KQH,domestic,150271
2021,KUU,domestic,17545
2021,LKO,domestic,2829106
2021,LUH,domestic,2339
2021,MAA,domestic,7802827
2021,MAQ,domestic,284476
2021,MYQ,domestic,124376
2021,NAG,domestic,1558130
2021,NDC,domestic,32337
2021,PAB,domestic,21387
2021,PAT,domestic,3197245
2021,PBD,domestic,23698
2021,PGH,domestic,12612
2021,PNQ,domestic,3427735
2021,PYG,domestic,39656
2021,RAJ,domestic,366019
2021,RJA,domestic,276903
2021,RPR,domestic,1479498
2021,RUP,domestic,24526
2021,SAG,domestic,169770
2021,SDW,domestic,9476
2021,SHL,domestic,43763
2021,SLV,domestic,2223
2021,STV,domestic,932379
2021,SXR,domestic,2963394
2021,SXV,domestic,12510
2021,TCR,domestic,138120
2021,TEI,domestic,4185
2021,TEZ,domestic,4733
2021,TIR,domestic,616420
2021,TRV,domestic,688916
2021,TRZ,domestic,157212
2021,UDR,domestic,827712
2021,VDY,domestic,16527
2021,VGA,domestic,582933
2021,VNS,domestic,1730087
2021,VTZ,domestic,1648501
2021,AMD,international,457210
2021,ATQ,international,323439
2021,BLR,international,870097
2021,BOM,international,2285321
2021,CCJ,international,1151613
2021,CCU,international,274165
2021,CJB,international,50838
2021,COK,international,1711341
2021,DEL,international,4965302
2021,HYD,international,1130662
2021,IDR,international,3864
2021,ISK,international,0
2021,IXC,international,12562
2021,IXE,international,234831
2021,IXM,international,53337
2021,JAI,international,141735
2021,LKO,international,468885
2021,MAA,international,1144820
2021,MAQ,international,475322
2021,NAG,international,2987
2021,PNQ,international,1637
2021,STV,international,8294
2021,SXR,international,8109
2021,TRV,international,780284
2021,TRZ,international,333166
2021,VGA,international,39957
2021,VNS,international,43738
2021,VTZ,international,162
2022,AGR,domestic,114413
2022,AGX,domestic,40629
2022,AJL,domestic,304641
2022,AMD,domestic,7444003
2022,ATQ,domestic,1617770
2022,BBI,domestic,3272462
2022,BDQ,domestic,999048
2022,BEK,domestic,147160
2022,BHJ,domestic,36363
2022,BHO,domestic,1026696
2022,BHU,domestic,55724
2022,BKB,domestic,27402
2022,BLR,domestic,24371031
2022,BOM,domestic,29742476
2022,CCJ,domestic,514682
2022,CCU,domestic,14854294
2022,CDP,domestic,47641
2022,CJB,domestic,2178963
2022,COK,domestic,4078245
2022,DBR,domestic,630097
2022,DED,domestic,1523301
2022,DEL,domestic,46144544
2022,DEP,domestic,45051
2022,DGH,domestic,459253
2022,DHM,domestic,176380
2022,DIB,domestic,654364
2022,DIU,domestic,38160
2022,DMU,domestic,270518
2022,GAU,domestic,4834326
2022,GAY,domestic,119885
2022,GBI,domestic,84038
2022,GDB,domestic,19057
2022,GOI,domestic,7536171
2022,GOP,domestic,684823
2022,GWL,domestic,223474
2022,HBX,domestic,271348
2022,HDO,domestic,26600
2022,HGI,domestic,7346
2022,HJR,domestic,17972
2022,HYD,domestic,15990734
2022,IDR,domestic,2518489
2022,IMF,domestic,1080796
2022,ISK,domestic,101703
2022,IXA,domestic,1278068
2022,IXB,domestic,2536567
2022,IXC,domestic,3302468
2022,IXD,domestic,547184
2022,IXE,domestic,1175780
2022,IXG,domestic,330062
2022,IXI,domestic,30271
2022,IXJ,domestic,1567606
2022,IXK,domestic,4212
2022,IXL,domestic,1119623
2022,IXM,domestic,831947
2022,IXP,domestic,7727
2022,IXR,domestic,2224837
2022,IXS,domestic,383628
2022,IXT,domestic,11837
2022,IXU,domestic,397413
2022,IXX,domestic,7385
2022,IXY,domestic,97307
2022,IXZ,domestic,1144625
2022,JAI,domestic,3906984
2022,JDH,domestic,845444
2022,JGA,domestic,110823
2022,JGB,domestic,61056
2022,JLG,domestic,1854
2022,JLR,domestic,430887
2022,JRG,domestic,236551
2022,JRH,domestic,134628
2022,JSA,domestic,79655
2022,KBK,domestic,26459
2022,KJB,domestic,37039
2022,KLH,domestic,123415
2022,KNU,domestic,255011
2022,KQH,domestic,90279
2022,KUU,domestic,18105
2022,LKO,domestic,4042019
2022,MAA,domestic,12286140
2022,MAQ,domestic,377901
2022,MYQ,domestic,166251
2022,NAG,domestic,2212862
2022,NDC,domestic,4974
2022,PAB,domestic,31549
2022,PAT,domestic,3655042
2022,PBD,domestic,20726
2022,PGH,domestic,70314
2022,PNQ,domestic,7080483
2022,PNY,domestic,62758
2022,PYB,domestic,1133
2022,PYG,domestic,36946
2022,RAJ,domestic,705040
2022,RJA,domestic,377568
2022,RPR,domestic,2098625
2022,RUP,domestic,48831
2022,SAG,domestic,657827
2022,SDW,domestic,37507
2022,SHL,domestic,102390
2022,SLV,domestic,5063
2022,STV,domestic,1153217
2022,SXR,domestic,4221612
2022,TCR,domestic,188233
2022,TEI,domestic,20551
2022,TEZ,domestic,4601
2022,TIR,domestic,894481
2022,TRV,domestic,1463458
2022,TRZ,domestic,331239
2022,UDR,domestic,1180600
2022,VDY,domestic,9425
2022,VGA,domestic,801368
2022,VNS,domestic,2225452
2022,VTZ,domestic,2218863
2022,ZER,domestic,169
2022,AMD,international,1206105
2022,ATQ,international,636636
2022,BLR,international,2863833
2022,BOM,international,8584909
2022,CCJ,international,2264856
2022,CCU,international,1535423
2022,CJB,international,166835
2022,COK,international,3724155
2022,DEL,international,13151586
2022,GAU,international,266
2022,GAY,international,18742
2022,HYD,international,3009325
2022,IDR,international,13968
2022,IXB,international,1435
2022,IXC,international,114638
2022,IXE,international,500601
2022,IXM,international,173076
2022,JAI,international,357330
2022,LKO,international,858477
2022,MAA,international,4029011
2022,MAQ,international,779749
2022,NAG,international,50768
2022,PNQ,international,111845
2022,STV,international,29312
2022,SXR,international,937
2022,TRV,international,1586689
2022,TRZ,international,970857
2022,VGA,international,28094
2022,VNS,international,100032
2022,VTZ,international,51420
2023,AGR,domestic,153567
2023,AGX,domestic,38610
2023,AIP,domestic,271
2023,AJL,domestic,379218
2023,AMD,domestic,9908563
2023,ATQ,domestic,2022671
2023,AYJ,domestic,424
2023,BBI,domestic,4469830
2023,BDQ,domestic,1205150
2023,BEK,domestic,126360
2023,BHJ,domestic,58092
2023,BHO,domestic,1305807
2023,BHU,domestic,78081
2023,BKB,domestic,6300
2023,BLR,domestic,32543235
2023,BOM,domestic,37858792
2023,BUP,domestic,2949
2023,CCJ,domestic,613318
2023,CCU,domestic,17105802
2023,CDP,domestic,73290
2023,CJB,domestic,2680711
2023,COH,domestic,2079
2023,COK,domestic,5542641
2023,DBR,domestic,582172
2023,DED,domestic,1610387
2023,DEL,domestic,53728950
2023,DEP,domestic,157824
2023,DGH,domestic,544870
2023,DHM,domestic,205457
2023,DIB,domestic,719966
2023,DIU,domestic,43741
2023,DMU,domestic,308742
2023,GAU,domestic,5978762
2023,GAY,domestic,207558
2023,GBI,domestic,58303
2023,GDB,domestic,1603
2023,GOI,domestic,6994520
2023,GOP,domestic,728959
2023,GOX,domestic,3755021
2023,GWL,domestic,275532
2023,HBX,domestic,361729
2023,HDO,domestic,2198
2023,HGI,domestic,136010
2023,HJR,domestic,57312
2023,HSR,domestic,325213
2023,HYD,domestic,20211371
2023,IDR,domestic,3441537
2023,IMF,domestic,1227606
2023,ISK,domestic,225119
2023,IXA,domestic,1414089
2023,IXB,domestic,3119602
2023,IXC,domestic,3583672
2023,IXD,domestic,638806
2023,IXE,domestic,1394088
2023,IXG,domestic,283518
2023,IXI,domestic,32249
2023,IXJ,domestic,1510588
2023,IXK,domestic,13052
2023,IXL,domestic,1041522
2023,IXM,domestic,1049522
2023,IXR,domestic,2593825
2023,IXS,domestic,406796
2023,IXT,domestic,8630
2023,IXU,domestic,600162
2023,IXW,domestic,6945
2023,IXX,domestic,20461
2023,IXY,domestic,79757
2023,IXZ,domestic,1377570
2023,JAI,domestic,4913168
2023,JDH,domestic,1104780
2023,JGA,domestic,150327
2023,JGB,domestic,65071
2023,JLR,domestic,360889
2023,JRG,domestic,226278
2023,JRH,domestic,163861
2023,JSA,domestic,117139
2023,KBK,domestic,22246
2023,KJB,domestic,38516
2023,KLH,domestic,157296
2023,KNU,domestic,278841
2023,KQH,domestic,25325
2023,KUU,domestic,16114
2023,LKO,domestic,5495133
2023,LUH,domestic,656
2023,MAA,domestic,15176906
2023,MAQ,domestic,404831
2023,MYQ,domestic,134416
2023,NAG,domestic,2802995
2023,PAB,domestic,31608
2023,PAT,domestic,3641578
2023,PGH,domestic,104500
2023,PNQ,domestic,9537785
2023,PNY,domestic,51969
2023,PYB,domestic,9966
2023,PYG,domestic,10227
2023,RAJ,domestic,596241
2023,RJA,domestic,408014
2023,RPR,domestic,2449676
2023,RQY,domestic,19400
2023,RRK,domestic,27267
2023,RUP,domestic,44785
2023,SAG,domestic,726132
2023,SDW,domestic,16874
2023,SHL,domestic,147029
2023,SLV,domestic,17847
2023,STV,domestic,1287642
2023,SXR,domestic,4106130
2023,SXV,domestic,15864
2023,TCR,domestic,195436
2023,TEI,domestic,31569
2023,TEZ,domestic,28044
2023,TIR,domestic,895145
2023,TRV,domestic,2187548
2023,TRZ,domestic,433174
2023,UDR,domestic,1522490
2023,UKE,domestic,551
2023,VDY,domestic,42153
2023,VGA,domestic,950113
2023,VNS,domestic,2795804
2023,VTZ,domestic,2852206
2023,ZER,domestic,302
2023,name:uttarlai,domestic,126
2023,AMD,international,1540488
2023,ATQ,international,921036
2023,BBI,international,68141
2023,BLR,international,4200675
2023,BOM,international,12848587
2023,CCJ,international,2573824
2023,CCU,international,2316854
2023,CJB,international,205314
2023,COK,international,4659358
2023,DEL,international,17768387
2023,GAU,international,9486
2023,GAY,international,62985
2023,GOX,international,427437
2023,HYD,international,4219877
2023,IDR,international,35172
2023,IXB,international,7429
2023,IXC,international,149618
2023,IXE,international,515721
2023,IXM,international,218297
2023,JAI,international,381937
2023,LKO,international,859567
2023,MAA,international,5452034
2023,MAQ,international,809887
2023,NAG,international,91131
2023,PNQ,international,174464
2023,STV,international,56215
2023,TRV,international,1840146
2023,TRZ,international,1253745
2023,VGA,international,34423
2023,VNS,international,112768
2023,VTZ,international,66885
2024,AGR,domestic,169177
2024,AGX,domestic,86256
2024,AHA,domestic,109
2024,AIP,domestic,25974
2024,AJL,domestic,467098
2024,AMD,domestic,10602357
2024,ATQ,domestic,2278219
2024,AYJ,domestic,997677
2024,AZH,domestic,1045
2024,BBI,domestic,4441560
2024,BDQ,domestic,1220411
2024,BEK,domestic,118591
2024,BHJ,domestic,148718
2024,BHO,domestic,1520743
2024,BHU,domestic,75239
2024,BKB,domestic,8623
2024,BLR,domestic,34840848
2024,BOM,domestic,38896142
2024,BUP,domestic,28373
2024,CCJ,domestic,689785
2024,CCU,domestic,18556259
2024,CDP,domestic,45408
2024,CJB,domestic,2864269
2024,COH,domestic,5080
2024,COK,domestic,5664138
2024,CWK,domestic,1267
2024,DBR,domestic,483134
2024,DED,domestic,1637541
2024,DEL,domestic,55842125
2024,DEP,domestic,228270
2024,DGH,domestic,478873
2024,DHM,domestic,205250
2024,DIB,domestic,808125
2024,DIU,domestic,98794
2024,DMU,domestic,314839
2024,GAU,domestic,6130495
2024,GAY,domestic,223908
2024,GBI,domestic,40829
2024,GDB,domestic,30107
2024,GOI,domestic,6612053
2024,GOP,domestic,741137
2024,GOX,domestic,4457212
2024,GWL,domestic,389377
2024,HBX,domestic,334827
2024,HDO,domestic,74547
2024,HGI,domestic,167287
2024,HJR,domestic,51638
2024,HRH,domestic,1408
2024,HSR,domestic,1036274
2024,HYD,domestic,23175949
2024,IDR,domestic,3703619
2024,IMF,domestic,1272846
2024,ISK,domestic,304127
2024,IXA,domestic,1368104
2024,IXB,domestic,3247237
2024,IXC,domestic,3675066
2024,IXD,domestic,574000
2024,IXE,domestic,1655195
2024,IXG,domestic,329076
2024,IXI,domestic,35330
2024,IXJ,domestic,1525431
2024,IXK,domestic,16527
2024,IXL,domestic,1040813
2024,IXM,domestic,1036527
2024,IXR,domestic,2551385
2024,IXS,domestic,444069
2024,IXT,domestic,8286
2024,IXU,domestic,687422
2024,IXW,domestic,8736
2024,IXY,domestic,63150
2024,IXZ,domestic,1593972
2024,JAI,domestic,5290137
2024,JDH,domestic,1025143
2024,JGA,domestic,155612
2024,JGB,domestic,70036
2024,JLG,domestic,64501
2024,JLR,domestic,355503
2024,JRG,domestic,287935
2024,JRH,domestic,137318
2024,JSA,domestic,129508
2024,KJB,domestic,21818
2024,KLH,domestic,154667
2024,KNU,domestic,281291
2024,KQH,domestic,80528
2024,KUU,domestic,27781
2024,LKO,domestic,5577335
2024,LUH,domestic,1744
2024,MAA,domestic,15997038
2024,MAQ,domestic,377812
2024,MYQ,domestic,87711
2024,MZS,domestic,514
2024,NAG,domestic,2675029
2024,NDC,domestic,105718
2024,NNS,domestic,7659
2024,PAB,domestic,36725
2024,PAT,domestic,3612720
2024,PGH,domestic,99613
2024,PNQ,domestic,10188597
2024,PNY,domestic,26387
2024,PYB,domestic,11209
2024,PYG,domestic,12829
2024,REW,domestic,313
2024,RJA,domestic,436009
2024,RPR,domestic,2509872
2024,RQY,domestic,96640
2024,RRK,domestic,40774
2024,RUP,domestic,5130
2024,SAG,domestic,757303
2024,SDW,domestic,20185
2024,SHL,domestic,157250
2024,SLV,domestic,23592
2024,STV,domestic,1550317
2024,SXR,domestic,4194328
2024,SXV,domestic,122087
2024,TCR,domestic,218056
2024,TEI,domestic,6076
2024,TEZ,domestic,48091
2024,TIR,domestic,930194
2024,TRV,domestic,2598887
2024,TRZ,domestic,580030
2024,UDR,domestic,1581428
2024,UKE,domestic,2317
2024,VDY,domestic,52005
2024,VGA,domestic,1171366
2024,VNS,domestic,3483638
2024,VSV,domestic,742
2024,VTZ,domestic,2704901
2024,ZER,domestic,274
2024,AMD,international,1945804
2024,ATQ,international,1072055
2024,BBI,international,123995
2024,BLR,international,5077997
2024,BOM,international,14531324
2024,CCJ,international,2787014
2024,CCU,international,2309190
2024,CJB,international,226385
2024,COK,international,5010577
2024,DEL,international,20569261
2024,GAU,international,51839
2024,GAY,international,74368
2024,GOX,international,478285
2024,HYD,international,4752032
2024,IDR,international,47888
2024,IXB,international,8030
2024,IXC,international,168767
2024,IXE,international,567532
2024,IXM,international,228282
2024,JAI,international,423832
2024,LKO,international,1119449
2024,MAA,international,5628373
2024,MAQ,international,914768
2024,NAG,international,99457
2024,PNQ,international,202694
2024,STV,international,142963
2024,TRV,international,2070018
2024,TRZ,international,1323883
2024,VGA,international,27851
2024,VNS,international,117702
2024,VTZ,international,108788
2025,AGR,domestic,230831
2025,AGX,domestic,117114
2025,AHA,domestic,1356
2025,AIP,domestic,79570
2025,AJL,domestic,416466
2025,AMD,domestic,11376444
2025,ATQ,domestic,1999518
2025,AVR,domestic,6952
2025,AYJ,domestic,1052204
2025,BBI,domestic,4973913
2025,BDQ,domestic,1243810
2025,BEK,domestic,120293
2025,BHJ,domestic,252131
2025,BHO,domestic,1576781
2025,BHU,domestic,32618
2025,BKB,domestic,40966
2025,BLR,domestic,36094845
2025,BOM,domestic,38383692
2025,BUP,domestic,17464
2025,CCJ,domestic,846826
2025,CCU,domestic,18700094
2025,CDP,domestic,68388
2025,CJB,domestic,3134936
2025,COH,domestic,5623
2025,COK,domestic,5861973
2025,DBR,domestic,719258
2025,DED,domestic,1799771
2025,DEL,domestic,54897557
2025,DEP,domestic,371384
2025,DGH,domestic,535727
2025,DHM,domestic,160490
2025,DIB,domestic,795924
2025,DIU,domestic,116259
2025,DMU,domestic,373054
2025,DPP,domestic,825
2025,GAU,domestic,6683766
2025,GAY,domestic,241377
2025,GBI,domestic,18908
2025,GDB,domestic,32850
2025,GOI,domestic,6238974
2025,GOP,domestic,1152245
2025,GOX,domestic,4678632
2025,GWL,domestic,292535
2025,HBX,domestic,363730
2025,HDO,domestic,997190
2025,HGI,domestic,183177
2025,HJR,domestic,51214
2025,HSR,domestic,1039262
2025,HSS,domestic,6408
2025,HYD,domestic,25356632
2025,IDR,domestic,4196156
2025,IMF,domestic,1255086
2025,ISK,domestic,401142
2025,IXA,domestic,1515413
2025,IXB,domestic,3440084
2025,IXC,domestic,3727822
2025,IXD,domestic,1048049
2025,IXE,domestic,1812466
2025,IXG,domestic,298366
2025,IXI,domestic,12146
2025,IXJ,domestic,1387209
2025,IXK,domestic,7404
2025,IXL,domestic,907646
2025,IXM,domestic,1164074
2025,IXR,domestic,2696680
2025,IXS,domestic,422951
2025,IXT,domestic,4259
2025,IXU,domestic,631380
2025,IXW,domestic,8728
2025,IXX,domestic,22381
2025,IXY,domestic,34909
2025,IXZ,domestic,1759680
2025,JAI,domestic,5023520
2025,JDH,domestic,1021656
2025,JGA,domestic,121893
2025,JGB,domestic,58845
2025,JLG,domestic,126566
2025,JLR,domestic,490280
2025,JRG,domestic,429041
2025,JRH,domestic,142890
2025,JSA,domestic,162519
2025,KJB,domestic,19693
2025,KLH,domestic,164834
2025,KNU,domestic,355684
2025,KQH,domestic,122487
2025,KUU,domestic,18233
2025,LKO,domestic,5081463
2025,LUH,domestic,631
2025,MAA,domestic,16856200
2025,MAQ,domestic,455636
2025,MYQ,domestic,85856
2025,NAG,domestic,2805404
2025,NDC,domestic,163662
2025,NNS,domestic,10271
2025,PAB,domestic,39778
2025,PAT,domestic,4287762
2025,PBD,domestic,6686
2025,PGH,domestic,73203
2025,PNQ,domestic,10724452
2025,PNY,domestic,96323
2025,PXN,domestic,76747
2025,PYB,domestic,14816
2025,RAJ,domestic,114469
2025,REW,domestic,5628
2025,RJA,domestic,570321
2025,RPR,domestic,2775629
2025,RQY,domestic,171881
2025,RRK,domestic,15702
2025,RUP,domestic,6914
2025,SAG,domestic,656229
2025,SDW,domestic,48829
2025,SHL,domestic,92807
2025,SLV,domestic,13825
2025,SSE,domestic,16158
2025,STV,domestic,1611853
2025,SXR,domestic,3316131
2025,SXV,domestic,118740
2025,TCR,domestic,279666
2025,TEI,domestic,11433
2025,TIR,domestic,1253062
2025,TRV,domestic,2292339
2025,TRZ,domestic,784094
2025,UDR,domestic,1647983
2025,UKE,domestic,4457
2025,VDY,domestic,13766
2025,VGA,domestic,1356715
2025,VNS,domestic,4241133
2025,VTZ,domestic,2919481
2025,ZER,domestic,738
2025,AMD,international,2205111
2025,ATQ,international,1066995
2025,BBI,international,136872
2025,BLR,international,6610892
2025,BOM,international,15647741
2025,CCJ,international,2969788
2025,CCU,international,2209997
2025,CJB,international,319663
2025,COK,international,5258547
2025,DEL,international,21092257
2025,GAU,international,47599
2025,GAY,international,45060
2025,GOX,international,490476
2025,HYD,international,5289819
2025,IDR,international,61204
2025,IXB,international,7324
2025,IXC,international,167687
2025,IXE,international,700495
2025,IXM,international,204786
2025,JAI,international,555408
2025,LKO,international,1152334
2025,MAA,international,6075739
2025,MAQ,international,1040923
2025,NAG,international,94859
2025,PNQ,international,347003
2025,STV,international,203206
2025,TRV,international,2315851
2025,TRZ,international,1384436
2025,VGA,international,32246
2025,VNS,international,140950
2025,VTZ,international,104668
