source,etag,content_length,sha256
domestic/Air Asia21.xlsx,117849f3a6f742db2cab70be45efbcb9,28486,55203f654a2a6c6045e8da7a77fe414a5590a67a5f0ea98471950f5d87f52717
domestic/Air Asia22.xlsx,d86255476bf160959676cf898e84714e,28794,9c26115fe062fb9173d31f3d49ded30fec64a931ce765150c6d1f2d130fbcb90
domestic/Air Asia23.xlsx,86dd5ffaf843a891a6089b3055b39593,28273,f11ba708f633f189e2363d8a6f2d1032962c7fa43fe2252c90743918c8ef16c1
domestic/Air India21.xlsx,25afb48924611c66cc011630db0e17bc,31241,fca50a95023af6c80fcd54d7238622da9a418b6bbd93c6f72b1330355780aedb
domestic/Air India22.xlsx,78cad60acbd78e82dcc7ab0645947a35,30460,afdc3b2c93f5dfc43804196ba041e1442be90d934594aa09b2ca8d4e0899921d
domestic/Air India23.xlsx,0efe783a004ae9f574c160944e040c6e,30446,3c13812d70ff9ca5ddab063971763f12ae79b586768112b9e165e9e55dc638d0
domestic/Air India24.xlsx,d343d56c7cb408a8a78823ccac5c433a,31593,9c6997b634948bde3e3022a5307b3b27d7ecf0f7c864ebc6e95afc2b0368777c
domestic/Air India25.xlsx,17157650a7c6ec7071c6544db34cc979,28284,2a664960c07aaae4506969458399d7dc0d0d4cf8731b5fcda3c9941692e0da53
domestic/Air India26.xlsx,2d541aef7198291dfd168826e2eaa8c4,24856,ba101b21e19185623e3f5987fb6fb122df8f1b07d9fa4c1137929d54ed632aaa
domestic/Air taxi23.xlsx,8562268715f9d9bcbdf78bb1edcc437e,24911,ac23bd9dcc75d2175f7416e1d668efbb0d26a0f2535598fe72b18ecc507b0c18
"domestic/CITYPAIR, NOV 2016.xlsx",0a33fcd0f084f868cdb4698acdfc898c,21238,92aa0b4ba5e0ae779a3e694f904b62225977d233ebae225d403062082940913b
"domestic/DOM CITYPAIR  DATA DEC, 2016.xlsx",a24a2d9c8bd687032bee14fc20ee7f56,21529,a01f6d1e8ef9c05435b3b4b9c61b635818cb329d6a71e970ce3dc039c8bac96f
"domestic/DOM CITYPAIR DATA FEB, 2017.xlsx",bfd656e4c1f3fd65b2ef0dc69b747d25,21516,bfd16c902a937478608524153457b5923f1bedbd8bcc59959c4855be2780405a
"domestic/DOM CITYPAIR DATA,  JULY 2021.xlsx",efbbbbc4b50d8adb510331e063ffb833,55971,247ee9307e43479c699f310d88153d0fa82d862a17de75cdfcc67647b3939867
"domestic/DOM CITYPAIR DATA,  JUNE 2021.xlsx",bdb7dad06457a51c2f1f7d4dde227cdd,51530,fc6b7443e044ef5954e488e8368c021ffe04b391bab9e8e69ebe8abaf87af7c9
"domestic/DOM CITYPAIR DATA, APRIL 2015.xlsx",67f793b48f8ec509637c31012950798e,20161,504aaa28644b9c82db14d5d0518b7582e1e315973bd4ae384ec2dab0549a7ab9
"domestic/DOM CITYPAIR DATA, APRIL 2016.xlsx",996d51be9eab99cd5a8309bcb549b8af,21471,90ffad431447492810b554568d657396b5a9a8927b73f9f21fbde1ad19c9e40d
"domestic/DOM CITYPAIR DATA, APRIL 2018.xlsx",fcb8221e12ea06a2c3939e9443f21c3f,40593,05912116b0b6fa61c31a59f75dfe895a858c0d13d6f6b5614fca2d1fa7f1f42c
"domestic/DOM CITYPAIR DATA, APRIL 2019.xlsx",d52b5d95fb5c7cc08b62e9e9971608ed,50459,cb2c9cbfaf789572c96818d222c55b4a5b3c3be5268f46b91f0361bd0c8c8422
"domestic/DOM CITYPAIR DATA, APRIL 2020.xlsx",db433591c94326d4f237b5a16bc38e77,22695,55c30a854c171e3ee3448d1eaef8c1b79d206e155937f89da9a35a8efd0e7361
"domestic/DOM CITYPAIR DATA, APRIL 2024.xlsx",ab55068e5cc825629be99838b1fd7a88,63632,9428b4330d10212719bc81083785a04a01a647ed5c867894665150dbac4f0e47
"domestic/DOM CITYPAIR DATA, APRIL 2025.xlsx",f069218bdb1c831dfec41f762332d21a,71925,3be2bab13c7055059480953d26e5dac11d58b5430190de4d8b93e3dfc8357dd0
"domestic/DOM CITYPAIR DATA, APRIL 2026.xlsx",5ae3eb150d632f246ebfc33e97d28d97,65716,1755117a4a9ea01e2cb4570a9cc16cc7ee3c2ccaa4f8d097f50e46832578e960
"domestic/DOM CITYPAIR DATA, AUG 2016.xlsx",fee9ecd5a5516a3ab237a8f9b75f8c25,21083,2cf8754dcf116ce5d3dfbf53ff6cf897371625171960d907da449792738d8f94
"domestic/DOM CITYPAIR DATA, AUGUST  2020.xlsx",86c1a41d9a4f40c90447cb04d1ca3a85,49547,a347958638a2834728edb509e83f4378d12943a57c319719a26e0f3508e671ed
"domestic/DOM CITYPAIR DATA, AUGUST 2015.xlsx",39701ff26910847746f34ab376ac6b32,18896,97b8259f85bead9282e3a9dd97802515a9aaeca70c79dc94855d10a6c4108024
"domestic/DOM CITYPAIR DATA, AUGUST 2017.xlsx",6d03c7797589c775fed72a2e2ac16d76,24766,90007ff355b1fee637fd48bbbb1ba42c5748e6c34288604971e4065d4949e5a8
"domestic/DOM CITYPAIR DATA, AUGUST 2018.xlsx",d9ac3ac67e5ad653d58b7013c47c64d3,49218,21a48da29980322c13c10f90312c78761d808317557a0e8452a2a89c618ed83e
"domestic/DOM CITYPAIR DATA, AUGUST 2019.xlsx",a43c9d4c4c5fb99cc350688a464ba413,44300,07193cfbca4edc43d146882033a01d34743297d6fba4d446c00238bc5bcd2c3c
"domestic/DOM CITYPAIR DATA, AUGUST 2021.xlsx",6e367c2a6439fde448fd0b57d6c575d9,58592,031fbb4008cd115234330783622e27cf0946c979c553cf4d72e2c60d382771ce
"domestic/DOM CITYPAIR DATA, AUGUST 2023.xlsx",09eb07987418a9a958b8d96d612f69b2,64179,02bc0b693e7b032c6241b4863e0f48eaa134a23e5f5031c18bcad48518b0d275
"domestic/DOM CITYPAIR DATA, AUGUST 2024.xlsx",fb1866ee5e7178f28c7501b4b92beecb,64471,b07248e9d7119e4c600ad64adf6193b4c1f3c0f8946daae87d3acd4fe11a8997
"domestic/DOM CITYPAIR DATA, AUGUST 2025.xlsx",199ad719c569fe62cd66fc49e2fb4a27,68483,c76ca2761c45e61f1cc26ed509716605cc8a82305d336a2c4d3f5e2404e3dd69
"domestic/DOM CITYPAIR DATA, April 2021.xlsx",2820fc70df78afc075675ac135daafc0,59668,07a394851c099e77ee5bfe8bdc6247121812dc89809d405b4383d8870ab75ad0
"domestic/DOM CITYPAIR DATA, April 2022.xlsx",fec1622648eec46a8df2794f15ebdf40,61821,220d8f0f801067a29da19f3ce634a3148a64a73d85901785e216afe1ce4e448e
"domestic/DOM CITYPAIR DATA, April 2023.xlsx",9675224186a74abd0c012dd4b8caff33,63384,02dbf5b02ddda05e7b7312a269ae70e6f2987ee701a568e45a872fb12de818a4
"domestic/DOM CITYPAIR DATA, August 2022.xlsx",1461d57ef1ab8a0225e4accbca70bd94,62132,219db9251cab0a1717c655c36146dd39ec53d08e70a0b2c0e3a1bb360bedd93f
"domestic/DOM CITYPAIR DATA, DEC 2017.xlsx",d0bbcf367a3102a8a0c72c4d8c7ef218,26058,8e37a8d16c34d6f266609a1e7c3b5dd3c758a706a89e4362d297f1a7632965aa
"domestic/DOM CITYPAIR DATA, DEC 2018.xlsx",1aadcb303b8bee9945468c46b39b6ffd,51940,b3a6dd692864909561dbf916f210c8b00cce15f0c5e37542a02d77a183acf538
"domestic/DOM CITYPAIR DATA, DECEMBER  2019 .xlsx",1c8e8aa878d4dd546a3e74d1037b331a,47816,c6b88b9bdea5d7c2532f433447de18c22252894f5db6fc158ef15c70b961c54a
"domestic/DOM CITYPAIR DATA, DECEMBER  2025.xlsx",b54d21bdbc2b9ab28ccc6f90307345ea,71780,52c75d1ee45bacd21eebb643ee30be0ab7d5b94e8e180a9f51160e231c3764e2
"domestic/DOM CITYPAIR DATA, DECEMBER 2015.xlsx",3c3846dee4c3a5f72f7065604b247495,22663,c0447c57857d4e5db4e4e0b7b294c160641bb14116de78d7f177494930dccd4e
"domestic/DOM CITYPAIR DATA, DECEMBER 2021.xlsx",7b56a860030b1017f0fd5c44bf84b2ae,61126,c248fb8195bcbec96d8285cb4a3221d54b807159c48914078df5ba08fc8a8c78
"domestic/DOM CITYPAIR DATA, DECEMBER 2023.xlsx",6bc8ab4b59fcf2a0cf116bd353896167,64689,ed973c5432e4c2b2aae3f67e554af4145c230562bcc3e14ca520346aeb6fdb41
"domestic/DOM CITYPAIR DATA, DECEMBER 2024.xlsx",276e4213bfb67e6301c5e1e64ff73c31,73257,05657f9c3ce92275c5259d13b880317bd6123daedd53888c1ed33af887850652
"domestic/DOM CITYPAIR DATA, December  2020.xlsx",b742ebef0b7621d5f7d51432385c1f4a,55596,233cc302870cf958e7327cf322a779cd2d96a73331589f4ac1b9a05082b5d4c6
"domestic/DOM CITYPAIR DATA, December 2022.xlsx",1786e1ba0bfbdfafdbb522f27c58bf64,62719,3bc0fd7e1892b5d62359c4187a750871ebc719a613849eccf28e45a44c538375
"domestic/DOM CITYPAIR DATA, FEB 2018.xlsx",985443caf697c6c90d9f9499b7cd5cf2,24769,dd92d2b84228d16f3795ba79d5d0c74a559f39adffb3498650490f6383e9646b
"domestic/DOM CITYPAIR DATA, FEB 2019.xlsx",edd078dd484cdbff9a7fa71d011a1f01,51985,a9aad839234e46c280438eead3fe5e7bc2c9e8ab94987b95019cfd264d5699d0
"domestic/DOM CITYPAIR DATA, FEBRUARY  2020.xlsx",2f1fb9812d772531bd2a6e9b442d1ae3,48351,1306dd71b74d15c2c38894d923b44db21659a0898c93f1a20c7d55def0ff2971
"domestic/DOM CITYPAIR DATA, FEBRUARY 2016.xlsx",37ee988e4d12927480c58a6177a18648,22234,c5568b82718e919b9e180c2f3f2ebcacf2c599de7de5efad53a5f09a46e6fc5d
"domestic/DOM CITYPAIR DATA, FEBRUARY 2024.xlsx",f01ec96de99a1b0f29751430b25e968b,63277,8c8d8bc223daefa81bfd5ff0d1658ca73391b1d3477f85d1ec5ea7da64cfca35
"domestic/DOM CITYPAIR DATA, FEBRUARY 2025.xlsx",9d1d1b3f87d47dcebbcb5fd5d4adba85,68875,24cfbdfa1c213dc4b2b49b355b1d05a9c538886f345d48439cdaf31585bd6292
"domestic/DOM CITYPAIR DATA, FEBRUARY 2026.xlsx",fd87177292d1d41f8feeeeb611bea996,63744,47eaffa63e7e11f9007fd20cb1e0cd2e93a467d8e068aa274e4d9f4078affec0
"domestic/DOM CITYPAIR DATA, FEBURUARY 2022.xlsx",66d2d86edb3bf28a0c099f6df024dfa7,58489,b38f07be2375d84a7509b5e229853f183b510772702c9d14189b509e05221d06
"domestic/DOM CITYPAIR DATA, February 2021.xlsx",aa128cea8ac9c63750a31ee767b9d5b2,58120,a839c2e679c446c93b0ef660dfd2cdfd2a72cf5372f4f98cda044c0fccc26960
"domestic/DOM CITYPAIR DATA, February 2023.xlsx",6489e2d1eb143a0dd9042dcfb2280efc,63221,b0b23b875eb6402034aa843a3c6d2a1ef6317c55b3e3709125840f20e2df99bc
"domestic/DOM CITYPAIR DATA, JAN 2017.xlsx",7e17991b6c4276f96472f1f825155790,21328,48d3e2fdf423d08e4afe4dfa8468166036fd37669519b3d612593bc7a56a867b
"domestic/DOM CITYPAIR DATA, JAN 2018.xlsx",79a35ec476d9838739062af46c514823,25993,c122a1031246ccbb1a71f62360025410cbd2c39179280b937119186450ae1686
"domestic/DOM CITYPAIR DATA, JAN 2019.xlsx",956925a11a5b9e0f1e0ddc20b095c5a1,52899,1276414158c696f98bdce9247beba857800444a13e3f8c270f3c484c0bed0568
"domestic/DOM CITYPAIR DATA, JANUARY  2020.xlsx",1275b85d3cd305bf737b34bfd0bdccb6,47688,5418bae9e2c79f24d330905c44770d94dd1f1c4e36fd1bab12501b63a42794bd
"domestic/DOM CITYPAIR DATA, JANUARY  2026.xlsx",c7db609e6a4bd57ab1a2cb5d2305e14f,64142,a48796f245b2aca4b0adad3940947b8e5387779e17df7cdfed008b4d8d6d461c
"domestic/DOM CITYPAIR DATA, JANUARY 2016.xlsx",8969868d3c14b8416e36b116e79105bf,20944,79711d668be69642695809ade7495d74185b28e3d54e3a891f6486622d3741cd
"domestic/DOM CITYPAIR DATA, JANUARY 2022.xlsx",dc616c1e2e1dabb0239dda3759a895f9,60712,a55c540c18a35b4bb04e6bbe4a1d44985a278ac6a73660c5059c795a4e2525e4
"domestic/DOM CITYPAIR DATA, JANUARY 2024.xlsx",b3c7258482c9860058310048b433991e,63144,727b37c0cc9094e69889f2942facf044af4eaec7c1119286183df319ce8405df
"domestic/DOM CITYPAIR DATA, JANUARY 2025.xlsx",901c9609f64e2d82f9cb13cf60b69c5e,70220,558f45272e3c2a74fa67ec20ae7d6e4bbdc8bdfe106d3bb465845be82d2096c6
"domestic/DOM CITYPAIR DATA, JULY 2015.xlsx",4f63230d8c36e3d335108435fa9e1296,20776,d0d365bcd063a90890a6eedf8a1f219ac4a682af09d887a09f44c6cfeace7c7c
"domestic/DOM CITYPAIR DATA, JULY 2016.xlsx",bb9725170306544846de5e20f8a97f4c,21022,3c2445a70494483d95ef4981bcf417b4479500375d300b49a6db8052ade2b05e
"domestic/DOM CITYPAIR DATA, JULY 2017.xlsx",b3cd63000c37bef8c03647545e0af2a1,23289,28d6f90d7f136683b6949ac08439c42b7ee7b7a1c1e0246b4102754657363f8d
"domestic/DOM CITYPAIR DATA, JULY 2018.xlsx",1f47e5bc636947d7a33c0a3b2eb566e5,43701,ee3c622f219eb3c3503cb59be65c595462b024af4673395ad1f7a282b244ff74
"domestic/DOM CITYPAIR DATA, JULY 2019.xlsx",9e107f004269c40a79a317087f553ea7,43960,f86e93e321ceb965caffeaf6d2d52ca3a2066ed5142a4dae94866b3a95957fda
"domestic/DOM CITYPAIR DATA, JULY 2020.xlsx",18c38fdf80b44230866016be1ec99fde,34981,63abbaaf551e3f4d2613aad9e1c10f10f188c7e5c8e947f994f81645c2d5e8c3
"domestic/DOM CITYPAIR DATA, JULY 2023.xlsx",9b4e7e5a5cc2456e86274d8ac00f3de1,63224,d78e50b23f6ac542555f4696d0267aaade4ac2faa93534ee5e024b7fc8f19b93
"domestic/DOM CITYPAIR DATA, JULY 2024.xlsx",90933b42a9c53a77b1257ea59b7c12d4,64539,aeef294cf1ecc6b1b488c5dc067cc0498b28792348c279df91815da8f8b937b0
"domestic/DOM CITYPAIR DATA, JULY 2025.xlsx",03d079ea69cbece095ce667b43f9dae1,68690,2b543ae44f4533cd604d23cb0d957c09cf1d851e90caf9f2dafd4a98bff54489
"domestic/DOM CITYPAIR DATA, JUNE  2020.xlsx",91639e1ad1b524ebc665e30c03a46c94,36077,9bf3dfb92ed7091add6d8b50c9eccad8579a410129ae8eb1e4bc39c6697349f8
"domestic/DOM CITYPAIR DATA, JUNE 2015.xlsx",d87387e5707a95577a3d4bc71983a1cb,20110,868b11823db00f8c709acf8bbb146cd007643c89ab059d6af6aa0ade8ad924f1
"domestic/DOM CITYPAIR DATA, JUNE 2017.xlsx",e6b33f04329e155d7483f1974602eac2,22240,21429d45cf0739d7433aeba3a72c5f6e10978a9e5d9400d73f769c368125ffdb
"domestic/DOM CITYPAIR DATA, JUNE 2018.xlsx",681653ecfac5535634a3b3ffd7c948bd,40833,d91fb969225be904afa3bb4ecba6802a121cb90766cc1985c8e3358a698505bc
"domestic/DOM CITYPAIR DATA, JUNE 2019.xlsx",a25b7b2281af31cbaac4515ae0e2d207,5383508,320c292cb68c23c713a62f3f180445d58c47f3bc37081e572d46cf49979c4555
"domestic/DOM CITYPAIR DATA, JUNE 2023.xlsx",d1a5246edbd84dd68a9efa676539bc04,64233,37c194aa0b311a048c145b5fd538375a99c5cc197241b9d672a45539f74c77af
"domestic/DOM CITYPAIR DATA, JUNE 2024.xlsx",aa6c1fd7cfe22b5f9aa025439c89ab37,64823,6344ab483f13860e8175d54de1c830eceaea7b67dd4121a0b3d2322b78c52572
"domestic/DOM CITYPAIR DATA, JUNE 2025.xlsx",4971217f0305ddcb48a79bc3e56f42f1,69395,7a6b1ed94ec3b764e0207143b5ad3d669dd2751ac3ac3dce7aa806947a8a3ba5
"domestic/DOM CITYPAIR DATA, January 2021.xlsx",49789ddff6a6694220e8340ddbb6e637,56861,145c2eccbbd724cf11b2ab84ed77f1343aa5c447dac3758e36bc0b4c293d9312
"domestic/DOM CITYPAIR DATA, July 2022.xlsx",364547d2ac948fa5658af562336b4e0b,62360,bc8402f239dfee1b48ffc3ad2f5110c79649b0252e6e3a9367a1f15089cb3b3a
"domestic/DOM CITYPAIR DATA, June 2022.xlsx",ae0f6dd2223ed217402e372db9226fc8,62339,adcccbc4fe10d28c05f42edb5b962132b55729536186de65d97100fbf7583cdb
"domestic/DOM CITYPAIR DATA, MAR 2017.xlsx",63b8f0fcf0f54a8aceba59404650124b,22299,16be7021bb895c4f54838d368be67a01d995d9bbc763be1fea89c1a9d1be2b04
"domestic/DOM CITYPAIR DATA, MARCH  2020.xlsx",5d548cd9d76730d05ba02e8f8dd3bdeb,484362,b3ea0de592fe0a91a527276d121cf3d976d8eeb336346c823f09805af44823ad
"domestic/DOM CITYPAIR DATA, MARCH 2016.xlsx",2d84b1839b9d68afb15e6843df6f2ac4,23181,a538a5d18473af841ff2ce6eefd17e6a9b06d0470693bc7b4701d97835cf50a0
"domestic/DOM CITYPAIR DATA, MARCH 2018.xlsx",88f607e7d8fcb66d10904307a118dbe6,39224,3f1c0618117bb278ae843053c5975f5cf88aa571eea94e9f7d414ebf6a302f1a
"domestic/DOM CITYPAIR DATA, MARCH 2019.xlsx",b26c14cc4137cbe0d07e1c6a61e5326b,52145,365b3d725a4cdaf512176f663763c7c00098b254ec5c772a0f37f48772ada1f4
"domestic/DOM CITYPAIR DATA, MARCH 2022.xlsx",3b3292426e13a898a08b20a79a3c5383,62716,7dc21d641ab872671dbfb8d3998cee64710b4f1413c7068a5d5f07a542928c46
"domestic/DOM CITYPAIR DATA, MARCH 2024.xlsx",24fce9c0c0164e4cd3abeac7f23904ca,64596,d08e0118d68a869e99fab470cf0860eb1da5f82225a14bd1d6364e8d9227d5ed
"domestic/DOM CITYPAIR DATA, MARCH 2025.xlsx",0fc7913d094da126579a17ead5a348e3,72726,1f1724817a28db3f31384d050b6b1d719eb02e53847eb75d5cdf9d6c70ec7305
"domestic/DOM CITYPAIR DATA, MARCH 2026.xlsx",bf67ddcece5d41c89030fb8e37eeaa80,66385,8921d11b69e2bbba40e712016e7de5c13bc69a3a87bc12978e86bb7c621ac69b
"domestic/DOM CITYPAIR DATA, MAY  2020.xlsx",8a6acbd0c7abc8c00e84cedcaa8e4d24,39891,a9113d1f3493c3a94a28b27d9e9a6ad042543b723f7afbc6753b388c9add58b3
"domestic/DOM CITYPAIR DATA, MAY 2015.xlsx",8da4f5e6a92c100e936a1d144b2a3db7,20045,ec0ddf8ffc1683cd4f86e8e8bf220e775b473dd89a57b61590b96a3e5c313d28
"domestic/DOM CITYPAIR DATA, MAY 2016.xlsx",c1f64e832ddc823978d6976dfe42451c,21387,7e4a46326a5cb3af80697db6794ae3c05bc15ee062dd3931e50669d910a51ffe
"domestic/DOM CITYPAIR DATA, MAY 2017.xlsx",00cf44dc40072a21e054fe72bdd644f8,22036,f1dfbc4ab8009678af91f54c03d077fe90e805f805d3b731d2b5ab788bf41229
"domestic/DOM CITYPAIR DATA, MAY 2018.xlsx",45bb7e839ee29813d885683b9cc40782,40214,56ecc014aaee282dc555886d3b7f0dd8d833758b1d44d745fd94f52d33a8dd1e
"domestic/DOM CITYPAIR DATA, MAY 2019.xlsx",71a59fd86fe20a906a4662fcc39c6774,53935,e42e155369dd7761963ec5cf730513fa2b75a1da126e0bdc38950b198f171e42
"domestic/DOM CITYPAIR DATA, MAY 2025.xlsx",fbe80b45e7bb13dbab3b4b08dd3adeb8,70956,f3a78d3b0641d8f7fc2702b74265849ca5cb31fe191e21ec633d1f6e74fb1174
"domestic/DOM CITYPAIR DATA, MAY 2026.xlsx",4069b3b607b29836fe22174651d145fc,66902,ee575c0f992813688e900730b8ea7298b561c8d639a786800b636107f366891b
"domestic/DOM CITYPAIR DATA, March 2021.xlsx",4cd9ea10f0d426de927915462aed263a,62654,ff83535b5576e3d888b6ebb8e740e3a26ed21d5f5943ad36a04ff1b0241bbfae
"domestic/DOM CITYPAIR DATA, March 2023.xlsx",04052827f1b33de209a1183d4113315a,65310,74bbd255a6c034a3b7bec4000357d890ef82f8f6f432d4b1fc1e0eae92158665
"domestic/DOM CITYPAIR DATA, May 2021.xlsx",5b3ba099b92481867dd0fd4282fa315a,53484,2fd4059f1303c2fde05069f0fcef63c6c4261e284feb09fa0562aec9d3a22497
"domestic/DOM CITYPAIR DATA, May 2022.xlsx",5e4ae3c7579e823c2b889afb4519136e,62286,b191b468e899a43dd24c8567e1ba3ed0b58f9518bb0a6bb90d22f39108b30705
"domestic/DOM CITYPAIR DATA, May 2023.xlsx",b5c4bbfe3faa50462081f330c9d35e0b,64314,603d2caa0a8b85d65f89d8e06c3f336d39c5323b6dec588b797a54cc1d763819
"domestic/DOM CITYPAIR DATA, May 2024.xlsx",ec9c04da3dc6f663053f7c2031201049,64491,a1c15be43cebda0fc8e2311d8c8590e4cba6d32aacdae78ef089a24b7247b099
"domestic/DOM CITYPAIR DATA, NOV 2017.xlsx",50c3006396fe85d1724dfa2744f1d56d,23891,bb9ee557b6462e45732af1f35411572cb503cd1d7bd8a1022081899f31637592
"domestic/DOM CITYPAIR DATA, NOVEMBER  2019 .xlsx",6c1c5a9abea06b8eb9cb9c6f379fce8b,47431,aa67249b78f235ef5227d2c4f5a5436379351278ca98fb1d58ebf0dbfeb3c5c8
"domestic/DOM CITYPAIR DATA, NOVEMBER  2025.xlsx",6b539596e93e0b6c9852c64efbeb8a36,70389,023313ffba8dd8e9c1f6bbf508322d20ad87b80039eb5d491d351d3786a09d02
"domestic/DOM CITYPAIR DATA, NOVEMBER 2015.xlsx",3058e120b6dd14488b7baf51a9606404,21586,bb10eb7d3c151f5617da983f882ab667f71c93a050a3d2dc8afe8914e37cd063
"domestic/DOM CITYPAIR DATA, NOVEMBER 2018.xlsx",f82e074b1b1259b91e026e27dd6ba9a3,51699,2eff2f92064dbe319d9ab857458906bd8265572f5c410168c840fb0004270d16
"domestic/DOM CITYPAIR DATA, NOVEMBER 2021.xlsx",d2e60baf7642705513997c7dfa927112,61214,dceb2cf1ce24a8ad1f96321832f8656bce2b382d554c4c25fa0c14bbc8587b9d
"domestic/DOM CITYPAIR DATA, NOVEMBER 2023.xlsx",4b572b099f13f60bad895f8f4d2fed65,64585,76d213b3cbb442c0fcf864770f55fc3863cf1631c05532b37fa00f1cfdb57a4a
"domestic/DOM CITYPAIR DATA, NOVEMBER 2024.xlsx",2b140a29fc870aeeb898aae642afb995,72207,1829cdaf07557a0675d411a0b7f4b36a1cbe96962ea79489bc30c3d883695c05
"domestic/DOM CITYPAIR DATA, November  2020.xlsx",785e559fe28364882a3e4d2f09819f25,54009,35835e528af5ba306e6a3d59652d0ea10c6f10b22ce8aca28a605abb571b12ac
"domestic/DOM CITYPAIR DATA, November 2022.xlsx",3e03547ae551e171ab6585188fcb5508,62888,86e026081eac67926ef6f64bbd5000f8a4fde023dd8bda2a4ad6f1a5da27b50c
"domestic/DOM CITYPAIR DATA, OCT 2016.xlsx",ee25ca34331ce25653a339814273246e,21629,c6bbeb4a2276239d8bd80ad09ac138bdb3677b90d5c6ec16e50c615a04a2564e
"domestic/DOM CITYPAIR DATA, OCT 2017.xlsx",44930fab32a29a5333d2e54c5ca4ffd4,24095,692950087d21411c4e877e00caaafbb5ee86b2cf1e59c24972d6b36579ee1e50
"domestic/DOM CITYPAIR DATA, OCTOBER  2025.xlsx",fe3edd4a1f0bad984ef3f6bc0fe6a570,72044,c48a4615ff620feead0978cad9496afca7371935318bc5553358da037888e737
"domestic/DOM CITYPAIR DATA, OCTOBER 2015.xlsx",79a930f8b08dd15dce3dc4bf77513534,23549,ed17d0805673665ca85f6045504f7904f987d791b005eb27d99b61d585f47e79
"domestic/DOM CITYPAIR DATA, OCTOBER 2018.xlsx",1bba63f2ee7fab099d492488f105f5d7,51828,41bc09b9f78131d3f13f864b15061f07acab609363863df3a277e0259f1205aa
"domestic/DOM CITYPAIR DATA, OCTOBER 2019 .xlsx",b3cdf6672712f2301d478f5119b98d5f,49032,36c34f924ea88b35657813bdd7f77065602786649be44da7bd28a8750d195d25
"domestic/DOM CITYPAIR DATA, OCTOBER 2021.xlsx",8501b0568b7cf90a80969372e7c8ab66,62631,36bab6a69eec11fb262aca769774f4be4d86e113bcaaaf342e3128a4ac4a574c
"domestic/DOM CITYPAIR DATA, OCTOBER 2023.xlsx",015028da1793a41e96bcc45321c640fd,66505,a45ea81ebaab74d922779d0cf7cac36fe17a963caaf6b611c3cfa16f646c79c0
"domestic/DOM CITYPAIR DATA, OCTOBER 2024.xlsx",50adaeff31fe075c17af3587d3f9e58a,71334,5db6302166f80cc75c7154f61932134c8ee4c5301446c0f84dd080b867ec28cb
"domestic/DOM CITYPAIR DATA, October  2020.xlsx",1fcf584a8ce1b780a712d01d8eddd262,54013,a298a8722b9a04267e4564dbbc1f0bcedbca2024160e7f17f5dffb6f0b77b2e4
"domestic/DOM CITYPAIR DATA, October 2022.xlsx",d2acb85ac4d1d97dfe9c38da7e936a68,63047,fa64f6533fdc015d9a170302cc3ed2161cd23ab68cb5034508c03ccfdd87d555
"domestic/DOM CITYPAIR DATA, SEP 2016.xlsx",24e4b81cb72fcfe4ac3d2c6bac1ad07a,21145,00b2befb554270a20d0f25a51d045457b55c5cb4c791997a0744ecc32ac8a25a
"domestic/DOM CITYPAIR DATA, SEP 2017.xlsx",aa868af157b16f7d5f4f914aed7f9c26,23577,ae5c71dc3857819192a82a95117fee502ca28d5ae8fa58129b3ab50c33185efa
"domestic/DOM CITYPAIR DATA, SEPT 2018.xlsx",4e0bee94a3c8800559ad1a694b3e63bf,50119,38ea70d4c4399d45e2563cb18f5f7bf41f44262118868918a493a6dadb9d3ff6
"domestic/DOM CITYPAIR DATA, SEPTEMBER 2015.xlsx",6f71cc5d50635f7c6fbc3f6228e7d68c,22382,59fad91a54702841a3bce2c842f93fc3b4a2d959efab7e4b3379c79174df22fc
"domestic/DOM CITYPAIR DATA, SEPTEMBER 2019.xlsx",c02436ff87372dc41cbdbd487ae6aa8b,45702,01f610c69d16089e7e0a4ea148c29417ac29d5d7bc769ecc2b19f6616fd4a944
"domestic/DOM CITYPAIR DATA, SEPTEMBER 2021.xlsx",bba79f6bf8eb757389714fb026249708,58778,ce8643487fe818ee67bbf1192672fbfa493ba75cb6362fdeec048bd6df284a44
"domestic/DOM CITYPAIR DATA, SEPTEMBER 2023.xlsx",cef0c0b54d4e782023335121a10677e7,64749,5a8c6d8bead1cdcf93ce447165c454ea0e7321a27aaf0c1f72372291817e837b
"domestic/DOM CITYPAIR DATA, SEPTEMBER 2024.xlsx",efa3bb370cd3af7a2ee30279ff08bef8,64225,3f8de74cbfde01402819980d76b1b045a500945a27fd32eca9fb78fc763d706d
"domestic/DOM CITYPAIR DATA, SEPTEMBER 2025.xlsx",d8433f58d4ad483319673241c3baeb75,69996,3f1078598008701239f04f5136d7ee220f503912d79d3ad18f3ad2bcdb354ec3
"domestic/DOM CITYPAIR DATA, September  2020.xlsx",247e598206033c7bf9f254d65d18059b,52602,d5caaa37b7b469a422812c02b2c7ca752d12336afa81f363a9e2c06de70d8a30
"domestic/DOM CITYPAIR DATA, September 2022.xlsx",fc7a3002b6da7c7183e3177ea2ab264a,61330,75c00fba60451c8affad36b79eb2c66487a366625c0b77f17f37acb338d36b28
"domestic/DOM CITYPAIR, DATA APR IL 2017.xlsx",59baf2bc7b776fff51603026866da17c,21994,895495e9184acf9c7b467548f271f5ff5cac4244fc06d56a9bea992b1cb941ae
"domestic/DOM CITYPAIR, JUNE 2016.xlsx",d70a12cfcefc4a2122aff00246c10dc1,22707,afda4573b97a401cc07cfcc0fccb97b460fc3d00ccc69e051237ffefee048f62
domestic/Flybig21.xlsx,ed78a2aa7ddcc5534efb070cd116b819,26192,992f0cd3098f3ca493ca629b0db42a7209fb2ee7b87566eb032a019b7de80203
domestic/Flybig22.xlsx,5ae160f19d782014cd508b54d1ef4003,26538,42f29921e8742052aaa893589b1190d23d90a094b07bf3dbdc644aeea0567a1c
domestic/Flybig23.xlsx,938a8b8f2cfc7685bca7e941155373c6,26084,9ff5cc654f7eb129bc056b4243ed73f970956d06ba552912ae09fb5d5bf07af9
domestic/Flybig24.xlsx,24209d31b816e3647760c87ecc7b7a13,26078,38b8cc8b26b0d8b75635b92a3a1c6291e7902da92e9a4779ed65067be03a21d9
domestic/Flybig25.xlsx,738ef4f48ee4ab59426315b1a0c80158,22846,5e67fd10d64c26427fa95bd4c112d01c27e4c09ad10bbeb09808830cd90e29f9
"domestic/Revised DOM CITYPAIR DATA, January 2023.xlsx",8f8c3b4d8d27759bbe41486275e1fbb2,63013,79d3a6356ac8dec4b8cb3658a917ce1c97cfd782bcaf6a04062ba3098c4327af
domestic/Spicejet20.xlsx,c07e86961bf28f7ac59898d1ad73cd10,29982,7cc5b4159ed2237e235744a25a880bcbe78398a909e713a3af336d53adb41c8a
domestic/TruJet17.xlsx,bc394796aca5a21b9b791598c40d59a9,19920,ff61ca66dc1c85af9d3fcbe9877f0950035754f664aa8ee8ebc887e716cd0dd9
domestic/TruJet18.xlsx,b42c8974496116ff44e07cf5ae9eff5c,14457,19f71c93549b380b7d0085cb8b18b682588c1140189c04f01ef324f4c90741ae
domestic/TrueJet15.xls,789adbc07e22f3664f0aa7c4b48fca2b,36864,dc154b1175f057c52118a03d691694735e6725dfaf88584fbe1c9d8e1339266f
domestic/TrueJet16.xlsx,59bb0054d07867e5761b146de70502b5,22649,1db74d53711d212971b5ee0d211ad3854841d92b8b4318bec7b6e38e474a7bca
domestic/Trujet20.xlsx,24162c70796a96b5ac195af0deb5b0b3,26175,06d6960498c078d27c232602e5a93cceeb61b0c9a9de10acb4316ec0ed9ad1e7
domestic/air deccan20.xlsx,98d86c78a315be8679ba194ff0b5abb7,25037,2e6d7cc730b1b0dda0ddd6645c4c7773813a8c6cfd2fd747a6e29ede20a1bd76
domestic/air heritage20.xlsx,d38c365e77b22f6b2a40658c26d6dc27,25366,14f09a1ce818ca636bd72b52045c57aeba0af2946608cab15402c477e2d18d7c
domestic/air heritage21.xlsx,549a03979f1f944727e1ea0258699f78,24084,23e37861fac4729f1596255cd81c1af09c7df1901f05eb860ec4e4acd9ecf7f9
domestic/air india express21.xlsx,60a36e7aaf7c85257a1c94c01dd3e299,28439,345505536179578432c3d2e504132d23163a166852f567eacc7d558d3e9e3028
domestic/air india express22.xlsx,d287d529980410f42067b311222eec6d,27927,513e5a3d6b9648d249e5a9537573b1813ba858254ab6179a17f464774eabe8d9
domestic/air india express23.xlsx,57acefa8f1d8be40e13b36509f275ff6,28349,412cbaf81048aae6b309c09fc0c106cb337bac0e0993ec899291ef5e9be1afa5
domestic/air india express24.xlsx,53854f8b173d4cab723dea26c7633f19,29649,8e0bc596e54b9ce42e10ac2c768d6deff3168695413b961a8a712dd0250999d7
domestic/air india express25.xlsx,2d7a2537b944979f3ce9b8247d3db8af,27086,a0e7843899c22d3fc86f2c826b2ad5629e49fb128bc16f88097063b2a3a3d6d0
domestic/air india express26.xlsx,fab7e8dc3729e0edbcb1e4cfd919e907,24767,480bcace551685a11d8e41ac35477b260df6384ede301466a4d14f9eaf1bb6bb
domestic/air india20.xlsx,6f39129e51e739e26321fb2cabfbb49d,30790,41e88571d73f94fcd0490cc80c33eafda01d5add9019ec6f8acfa525b86fb5e7
domestic/air taxi21.xlsx,966ca8182e987c893ec8143dc2eddb6a,25828,aecbf9b4bc9696d3865fe6d7b40fb872bc41ee68d5eeeb05482cca33a2d0568a
domestic/air taxi22.xlsx,5addae0eb0714c4b36fb054e6ffb058d,24813,3c065d685b024afe697b626a497696347935ed902d96b29fabac6f0bc85cce04
domestic/airasia15.xls,b6acbdd7bbe9c06995637abd4f6f5718,45568,355edc41c7e60691b2ac424865c613cc94b5101fb418bdbf179398883ed49c0c
domestic/airasia16.xlsx,a765951978996eaec0298c8756e2c922,25901,2c43e65d910042775c56b4e9acb9786399ebb14cff386379ed23a9b419ac7c0a
domestic/airasia18.xlsx,3ed969591c5a461d359c56d80e5e2979,16887,6fa8c6a78658b50a6f0fcbe8cbe404b46799d1a00e7ebbbb856b99ff40eaca15
domestic/airasia19.xlsx,678e62c77577d0a241861f4cbb7aaddc,27067,1544325073d3ad8eed2663fedee1772564d845d2a6ee16d9c8b7ab49fb218271
domestic/airasia20.xlsx,f3db47cb8de0f79d463c03757b51b603,27360,83c3714e42f2e7c976813ce916146815c4e0b8f1e347980790553cb2dfa79c14
domestic/aircarnival16.xlsx,9c8c3a5324a07d0b47e6aceabc6b8ca8,25693,c6feb044608fca64112b864112d38c3ac67e043d7a1033731fac0479880da90b
domestic/aircarnival17.xlsx,5e1f6396715fdbc4bd3f3149d38fb63f,23313,96bacbf4d6aa00b51c789e73ff5a05baf65e6ada8a6e70f25a8be8f74d502c30
domestic/aircosta15.xls,6607c873dd0f37694090cd0ea1e537d4,41472,c941961ea1741c68b3c9c9bf03377c8cb744c86d94c1ae76c2ab692938d17030
domestic/aircosta16.xlsx,473c2a5d6abf4eb23aa55ac19785ba28,25948,9d9e36f51078553fd56bcaa1a9034a62525283fbcb8985fdb56e5e2e5747c0e2
domestic/aircosta17.xlsx,bc215c3348b9ab3c807a343a8e3200ae,23058,bad1318bc755418ed56665438d4df35f3b3aa0d2f5ac1697f0c1e08645517b02
domestic/airdeccan21.xlsx,23a626f86f567c3adbbe53ae3a30878b,24083,286cbd48d793641b8844740cbf8f4fe0b46403d7d930e64c67c26de40a0a2f99
domestic/airheritage19.xlsx,a88d9519604f68851ab9ca37b4298399,25750,feedef181fe91305c48cac57ab617683ba3ebe4b90307e5ea8c1126485ca5db8
domestic/airindia15.xls,c3bd20928d8efcfe4be6d5326b4170b2,47616,3aba713c4a37ce367577c5efef7031fdea8552788fb1f7740d34e990a5bb867c
domestic/airindia16.xlsx,ce9ea1c83900c6fe4c34d9b0aa385467,28128,3b39bb735d4b4029f24eaf22820af5b648b198a71bd799aa5e806bd17d6b5dad
domestic/airindia17.xlsx,20b1a1dc7838a041218c7963eebc421c,25690,8d68e357a50066f9cd2e94c935cc84f22b0771c757c87fda603bb3c218d51c25
domestic/airindia18.xlsx,654116c71c8f1ea2c065107936e93c87,20376,f808cab461b3d2884dc10e0f42e254df30215fbe19a02f00e6c88fd4ea7c9011
domestic/airindia19.xlsx,734c684086b8c2017d231cd2f6fa19a9,30513,384021ecfb4f5f03f917f6d67949591d12d0a8bd8d18792b9e71c3c1546d4e37
domestic/airindiaexpress15.xls,179f49486d1b66bf03fec1e890061c9b,51200,590412ca4fd90868f42332adfa2f09bcc0652fe4c913a86f0e76e5efe15c54cd
domestic/airindiaexpress16.xlsx,ab2a56f86d4d54cddb2d0ea1567832bb,27866,b32533658140366b64564c362eae86f3efe8aec2680ba2a467386efe97081070
domestic/airindiaexpress17.xlsx,df4746a879fad66ff0bc35a51da30cf9,26319,2edfdcf47b100d59bf1002583df85a73a9894f0e87daeff21be8e7421e56dd11
domestic/airindiaexpress18.xlsx,6dd9995ba13077ec64596f37848b70e9,19945,05c551d9c1ae994e2d4e226e367e9f80a8a1e87897c929a3014db50adaf76f69
domestic/airindiaexpress19.xlsx,bcd475d0f0c4b054607c1ecc797d8354,28702,574190fb34f09038d9ce470ac6ba704630c1aa093bb3fbc738e3562f0bd703a9
domestic/airindiaexpress20.xlsx,4e8393efb530bd884c08a21e6f5d4477,28769,136d674358743f5d4b8ee10510dc45bdd176114522b0f79afd575d2693ba912f
domestic/airodisha18.xlsx,95752379e3d00243f2a642b13c09f012,16681,a6b3c0ffa28ee6e4ca775c6bf941d1a3cf8a9acf6d2c9b291097270c810ee42b
domestic/airpegasus15.xls,1238689067909a4fc9fe1f0b6dced4f0,39936,65e729b5e41b336e89830be2a4376d3d3ae7905f52e7dafc218b41defe333412
domestic/airpegasus16.xlsx,67654a0fe148c37e4af29d39410b2ef4,26541,d9ebc76010f42bc8aa43bbad8576bfaae4ecabadfca339577e3f53e2d521014f
domestic/airpegasus17.xlsx,34c5ccb586aeb2773528b0e43e1b14ab,22874,60e2eb87bd4f4261d0449d794cb29f4759231ad528d33ab7c0627b8824892189
domestic/aix connect 24.xlsx,5d7b312153dc2e822a64d36e2a196416,27688,434d28da48f50bec52f08c9830234dd3d558ad8f4883a152c92b7672097efa8b
domestic/akasa air 22.xlsx,f7fb749b819a055a3258884eb5a0dd0e,25741,e3c59528168e126437987f78bbb0403d27e9af7cd72af29a1d61d4e7215159e2
domestic/akasa air 23.xlsx,8941de88f725ec61a09ee6f92a4049ec,27357,bf89f456e2df92e1b422ba160b1261ba9b88976e596e3fb7f144091b1c8543a1
domestic/akasa air 24.xlsx,b5bd6694911de6d46a7ad55ed6b7ce35,29962,30c11e8dc94f5cd312ec88fb46001362a9f4ea0413fdbc61831dde27b0164997
domestic/akasa air 25.xlsx,994ba95230d5fe4511aaeb45592c6878,26920,e9b1ea8151962f5571b89d5470f127071c882404612d789b2e9b6fa6cc6868b8
domestic/akasa air 26.xlsx,9d01254e7ffb44721033163c9a964efe,24566,8e994604d954b5009139e4844be749ea6a6477dc7e7b7aa9902f8ae3fc072e83
domestic/alliance air20.xlsx,09d5a52cdc7e6b121ac30d2a0bd40609,26344,add683ec9d789eece5f9b4a6557a864fff403efd77d14bdd819e54bb6c7b9d55
domestic/alliance air21.xlsx,b4043959b0a4b36fb30796b8cb1917c7,26103,9e425e6240d63179744d099fe91bc35073f8388d640c454bb53f15718c13f771
domestic/alliance air22.xlsx,9931bc8d54d3d5eddc206079df2e93b1,26362,af68f9d06257244da41c03de8ae3c3c01000c03ff7539e24e6d15ddf633b15df
domestic/alliance air23.xlsx,fb72b6e5462333a770ab64db3e163907,29302,9d5e9c907e7909bfc5300a0a624374509e83fd079dd19fbfb0174bf27b3082e7
domestic/alliance air24.xlsx,6bac9d8d68ec0b20745b6bcc3cb8bfdc,28583,2644f75dc359410140c40296d31339b77e646d6d6dcb9c9aa9898964717c5b3d
domestic/alliance air25.xlsx,9d221730de8a3e38463e66048cbc0d95,23754,108274aeb1d98bad4713933ab28d0a268e9271c213c7b0381c62f2057685f388
domestic/alliance air26.xlsx,0f88b3c6ad1a0c27400c18a198cda8a3,22774,e2d0218592798d89f12b3d061d8032e9df3783a1d36cf8dc472ef6d016d9b2ab
domestic/alliance15.xls,45fa3433dbf549c0a6903e770dea111b,50688,8e687937b196deb56718947ba6e921ee08fd5d40ff311b4b9061e2876b2865ca
domestic/alliance16.xlsx,5fa9351b80572807cf1ec298b0f21112,26694,13a72aca0fa87988e969209cf8525f44c3fe1ec7b012762e61d7f162f4bcc1a0
domestic/alliance17.xlsx,38162e45b31843c356a4142d062699cc,24184,414eb4b988e76eef6d3490367038f7fc6afaec05ac1c59b55c0ad4c787de24f5
domestic/alliance18.xlsx,b27b2d7dc9bae68e9d0ee1a547b22068,16315,33f5ccbc4d35c02b52ec4f8db6ae9241e18f925d970b2d0c5d385ede5fffb4c2
domestic/alliance19.xlsx,7a06cdb357e35ffaee108b237150acd3,26555,d4ba4951e1ce7193cd39e9d7d7f503d759d9c981571a28f45fa8c8134dc8887b
domestic/bluedart16.xlsx,7fd04c9e84407fdf5ed0ca5e171e34f2,21067,bb19a629f02cb66d8cc489b6465a3c5663570a0ceb27fd2ff38016a2fb1e6dd0
domestic/bluedart17.xlsx,83d1bf6c3c7854236cd89abd8fa7271c,19019,ae36d6fb060ea58760a739fd808e58adbdd342c67a12e8fb93183c5dcab2376f
domestic/bluedart18.xlsx,ad7651961b039f679a57fdcc9544019c,14144,351602192d9db86c062d35405150dbbbde55e38bb1941f6f1f2107d10fc41d68
domestic/bluedart19.xlsx,abd91b89ca9bcaffa5bffb73a32d8066,26383,65e8d9c24b8ea9428e7c28667cabe64a8297eea655b4103f32c78c7025e869b5
domestic/bluedart20.xlsx,88ca936ee75a61d99be11a9f021bb9c4,27086,9a0c76b39c00a133c361fe3fa0d416d1d53ffaccf57167665ebc732da0ccd3fe
domestic/bluedart21.xlsx,d58203fd82f5815ae33c83f071659d9c,27562,ec06a7be643b0658a128f8bf041729563caf79782f2f334602dcb62791708fbe
domestic/bluedart22.xlsx,7a098fa3792ded1569f4f04d32df2bd2,27388,fb5f304da136e6d30853583195158c686ef4e550a186a21b989e2d230c7b43e4
domestic/bluedart23.xlsx,893c918707969e8a507d92f97bd89899,26583,150e576171dfe91b1c58cdfeb35e9c6a88ba39a7963cdb728dedef06d276a234
domestic/bluedart24.xlsx,1f424c772f427be99af98ca0398fbbb5,27110,9f5a8b2705b9c9da793bb5cb774d05a5b7da45701d09940759933018ccc956d1
domestic/bluedart25.xlsx,c57edfdfe0992b495652f60e7e79a30a,23890,44dac05136a4a7f564b3a8ae0ffc12bb55545a1be0069649ecce4cea1c4fab4d
domestic/bluedart26.xlsx,0e6e2368caa1b5e94d48a48997fcbed9,22741,4b65e689537d3c872fdb32cb1574671b872b45adcdd343b34642d7a4407e766e
domestic/deccanair17.xlsx,f8b056c5ff92fbd0bd014183107f222d,18144,7e6ecf07db973cd31aad030a051edee6faf942c89c9743f9e5e24690dbbd5654
domestic/deccanair18.xlsx,028eeaf2fb231b4608f702be4b5390c0,16625,fb3eedd6acac454f1572a789453aa0e515e16fbbcdbd697d2684bffd616aae66
domestic/fly91 24.xlsx,1b5cbd64028a0041d86822e798eccdef,26465,3af2a46057d2099219e4beb3c63e81c5303e60fdfa875bc662a8f0dd57578ab0
domestic/fly91 25.xlsx,dfd5dd9b595c8d9316aefb92022dcc83,23792,4f9f4fdcd03fccdc2b714b617ec5933b4c8000ddf89d897290a194a78fd8f868
domestic/fly91 26.xlsx,7f9825b6cc3b72a47f47e265ed4b5d7e,22734,48e9649dbf425a88978865da63463fdfddd98fc8a62b2ab1fc7fb3cf3e0ce868
domestic/go air20.xlsx,32801dba091fed1ad8ddf20c3b0cd7df,28619,728c5750ca6373f878f64307ecd2fee35f97c353e59f02f4aa83f847225e7d4e
domestic/go air21.xlsx,daa0665b88caf3ca2cd558d283560299,29854,d5d944f0a83264fc7b1f4c77bbf632b6631509d1f6939b4b07c778f7d23de316
domestic/go air22.xlsx,a1f03c9b6243c150ccb6130fbe6f8978,30496,0a28de7faa4eae14595cf8b14a3553297bd7963580c6324df395b6c1abad77a2
domestic/go air23.xlsx,46dffb4a008e4d919225392ba8111f4c,27305,974d4cddcc2cf341861a6ef785775bd4984dbbe09b802252b607881c70012afe
domestic/go air24.xlsx,882d9c293d187a9086cb9978aef0cbc6,24586,0d8e76daa2e98f864e144d34209d1d6b0672f6aa4752a81c43c5a6ed1ed7b4a6
domestic/goair15.xls,b5bfb893636b944c0d1e127ba60f88c5,40448,35ffb1b9149c16e26c793de5b37c2598c22beddad4fc3944ab9fc5cfb854d5aa
domestic/goair16.xlsx,e39ee9f7701e37629698f9e6c7804cfc,27682,60b5a590e5814a01bba3048624cb1076adbf0151194f6ae0db511f3d37c1fd97
domestic/goair17.xlsx,3a72d4481513a617bf6614dd45b35c14,25207,62ad71d34ea6a0d4f31afc2c93f66264bc374cf8fd1e5a4e2916f32aa9203bdf
domestic/goair18.xlsx,2450667fb3e86286b6bde02dbb4a89ea,20046,fd8389ab522d79126531f3b1914b11f82e8842c054abeda3b5c55f1cfb60a6d4
domestic/goair19.xlsx,3ac2f17b493480ec241e6e8295398065,28579,52848a0208fa0d188452d1c5b6092abc7b5a02edbb7b8433218ca6135878b3bd
domestic/india one air22.xlsx,badbec7dabf722efdd4c276277e60673,25473,4c2e79acdc957ad0e61c15b19b7ce83b3a7398572b3e80cc131a2642a8e153bc
domestic/india one air23.xlsx,3115566598046605e6d219b79d4456f7,27379,104c9071a0fceddd7b4d515062671d9719448461c21e36cf53bff80fc7d01641
domestic/india one air24.xlsx,03092def011f4068735d084e9972ce43,26798,6fcc1bd9bdc1563289806aae0ffab3650e2951b3e5ad97f6d2e25fa88b48af78
domestic/india one air25.xlsx,8001f83313eea5f5f33fad687baecb79,23471,ecf43bdeece004994e8202e110a48758e17c8c3582ae99b03041b2cd70f1f97c
domestic/india one air26.xlsx,38ec9f4eb42b48e33bdbb2d50463af8f,22434,24c3a7630d2a9f64bb651b9ca541871f1a577fbc47f7258ac4c0c882dd51c65f
domestic/indigo15.xls,bc261d1ea7f47ae173bb077d1138aca8,52736,b1233e0a73dcd3447af44547c71f6fe87d8938194bc8d848c9a3ca53d11f18bc
domestic/indigo16.xlsx,368ab3456863f02c3e47e819b008a2bb,28612,acd4074571dd3467e4d555d344b6dfdf9e0ebfbe9c054f93ada63733cfacc640
domestic/indigo17.xlsx,ca1e7b39cd6211a1392d352ed6fc450b,26161,0a15db1fa88c2a040c40ddc1e45caa4eccd369deb8ee0742ca738a53f4f929cc
domestic/indigo18.xlsx,b789d42790e8b35aa9d67c535f82e1f3,19647,5790cb937b155cadf342726173353032c73f201f686354228b68801de4b789d8
domestic/indigo19.xlsx,7c803687f65172fc5afa37dcce1f8352,29346,56bc3a88a680b544318fdc65a2812a909d701dac47ea7fdca32f5b1062ca25c3
domestic/indigo20.xlsx,cd90ce848dba9328c6186211c3092214,30004,2cce4c691c39491ec3f380403f176c0ef9ba01f02e17f7a1bcd95a2893381a65
domestic/indigo21.xlsx,137dfe604d878a687fbc9803bdeb9d01,30491,a07ae6ba13274eff15e01d18ddc802c7fbbcd19a5102129a657eb0086d6a2454
domestic/indigo22.xlsx,e0f6a0fa60413a86bdae5544ca2ec64d,31624,d86f0a00a371a7bb3bdaee1746af780d933906361b2e58a7fdb9a11063c29f7b
domestic/indigo23.xlsx,84a8cc2552a4ae802dae89026b713b1e,30641,89e1ae2a0619fa0f9d377bf4745b26a7ab5400cd7f08e9881be6369c2513893d
domestic/indigo24.xlsx,2b741bf93627157f9c6a93b8937ad025,31597,8d5a47fb500e7b95126cb3a45c347d42d20737bdb250a7b40aea5ef39c6b494e
domestic/indigo25.xlsx,85144e790640f367b16786d17bb96cb6,28722,d49aa99625fdaa7092eaf10f057ab521faed66c54f9f00719eebee777a2bec85
domestic/indigo26.xlsx,3b17bcaf5f676e56604170950f7ca0c9,25108,086a989b83421804e4626c2e7ef229bac3765b10c9e1a654fc6c663c83afce8e
domestic/jetairways15.xls,f5d7a1487fb974ef31617a6cbde61109,52736,9c6aecdaa36e270fe7a5996b5bd9d2a56c2ea7bd75dc9de5f38636af55b7d846
domestic/jetairways16.xlsx,54b43bdf81e019048e4e15ce0f22a8af,29892,0d4834e8e9baa5485177a81bd3cc8d6b92eb8e272a3aa61a4d86fcf4e8791e22
domestic/jetairways17.xlsx,8f84ba8b7d24fabc2f6a39db5c7a4e86,27987,950d531e39ec636b64251d41edaadab874ad67059fb5a83b509e661bb18144d1
domestic/jetairways18.xlsx,245d4c4daad02cf3c5bbee1f21074d86,22470,e06b1741da0ee71dc59c1c932ede3270d7353d138a9fe1477a728a92de22adfd
domestic/jetairways19.xlsx,bda497158e6d217860cce5d9be109819,33041,9cc797e313cf45c596402e86def07ea55c07016f13c5215e0f9b7fc0292e72c2
domestic/jetlite15.xls,6f194c375d77635634da0d5d6a916065,48128,ad3ce874ee087ebc5d01af3f8fa8b94664be1127ff7438ac73b44c4a0dec1ae6
domestic/jetlite16.xlsx,4ce0fecebd59f1ef0b6c6c32b9b70e7a,27125,cb7a263e6e2094458a53d7ca7405d5c9478c0a42a032b7c34ad0e982b64dc063
domestic/jetlite17.xlsx,7a376ca5dbbc508217952b17f33abf89,24726,115df03a26cb60a513532c7b593aa28ccf8fa899d0c16618fa838b7d7ac4785d
domestic/jetlite18.xlsx,81cc5abf850128cabd2772e3f5127b3e,18731,f8a4c1ff6e277d182644ee598e0a5cec2c59e6b30f73d30725e00886b2ca466a
domestic/jetlite19.xlsx,322b2edadb152318380c58803de128bc,29600,109e186558de50b97dc8e9e46154deeeef389aaa2b5df63802f3566036d88a21
domestic/pawan hans20.xlsx,6f28a02ea6e56191974b996ffee9681b,25906,e741bb00d81fb5ce0449a220c789ed329e23acf68aae296aa348ea52307f6e6e
domestic/pawanhans19.xlsx,0894b3b6287d9e906301c9a8ab3d703f,25976,951b86cebb91f0a5727a05733574fe1fc3f73983213fd98bf13df9d3d7a55b42
domestic/pawanhans21.xlsx,76c08c98b7dfe841200f89540e8f7789,25935,bc5691d3504f2be2c07a21bbaf4b23ecf18398e8c2346226c8b8f82212f51043
domestic/pawanhans22.xlsx,78c9ec115ca07b4e47bf08b4a8f73d93,24739,c50c8f1755ed5e9221c9e825bf86fe4800c9cb8443799051b381378cf6c490e6
domestic/quikjetcargo16.xlsx,8b77d1d082ab8cffd277bd6646132b7e,23915,bd6f9efaa0af108bcab640f333d3822102ae11af2a1784185ed29b2b01622e6c
domestic/quikjetcargo17.xlsx,4db53eaac1713bfd07fc81bcb55a05e5,21388,fcc0f6a3532c67faa1c0bcae763bed476153c09dbce516d801a2b8b408bf50a1
domestic/quikjetcargo23.xlsx,d995547b78c1c36aee2e600aebc51c02,26971,3aaddd2d372db79cf7944faf6513a873dcaa6335f96af4751e76c0330d9a9943
domestic/quikjetcargo24.xlsx,3352b0f02cfae2c8ef428a8bbe0bd8db,27648,2a63644cfd06f0f9e915cfce1bbf967329919232079ad124686de34b371d1413
domestic/quikjetcargo25.xlsx,3fdf4916483402a8b8d1a1220b068d07,24682,5da7b17c6b9d25453470ccd615684aa7210013f87c5a949dad664c7b47c8b11b
domestic/quikjetcargo26.xlsx,f9f3c4c17b83319589665f2f5851101a,23249,b2eae779b7ee27a15d3ee17b27dab31ef24e6041c39e9e0ca96505e026bf04cd
domestic/spicejet15.xls,02a1979a54761d8f2e9d30dc1e799016,51200,f1bf6dd5f3ff1f9d29d37e3eb29f84f41e39ba5d3f162da59164ead91178f997
domestic/spicejet16.xlsx,c23733f13acef7b49717249700638920,28277,cc167da69d5a1b8c8de0c0e049e377c2106bb68a09f83d45bc697f2e327d65bf
domestic/spicejet17.xlsx,29c68c85a0a5febe18f83400f1e7e5eb,26448,939934205377b7c638c733fb1e9d7644390f4794a56a5b3f51bb73e465ee22ce
domestic/spicejet18.xlsx,352b99938261a1909c380334e077b2fc,22096,2b6682a757e5da9acd35fcf87bae386e4b8adc4e4f06587a49958ea918b8613a
domestic/spicejet19.xlsx,e956582416dc2e838ece56f1380c956f,29633,2fd31f1f43164937becead4d0e73612baf1e991e9f0ecdbc1160e8bfc9c498b3
domestic/spicejet21.xlsx,bf97caf5d3ba76819968b4b8e54c85ca,30795,ee1679da81646e7bd7055c3284be28f112dd8ec2bd858a0561b58300e42a6b25
domestic/spicejet22.xlsx,186eac6ecec451775f176b673059d88c,31892,eba6b56a8fa5fccb95efe29b668a8bd6cfc4649ec6245aeb39e2c6e7a64c6be0
domestic/spicejet23.xlsx,8543bbeed5144f49a2ccec5ca004996e,31800,c9432d65f416431e7cf0f18bc8e99c7e9db97276249b8ebf7a9d15b0e4548954
domestic/spicejet24.xlsx,7168d92aecbd4af1308fda811027aaa1,31208,253b5bf35cb9f2d39483703be15d090e3d05c1844b84b60151b947e5c370cfe2
domestic/spicejet25.xlsx,7d18c749cd6bafd76799681b8cbe8a67,27276,d5be63c5d8b3f5c04b70dfcb7adb3b873015bc1cda3016f830a1dc590ddf0de6
domestic/spicejet26.xlsx,a9a8988b1fc0156121f0388c2d728fc4,24396,dd1fc96d9b6a16e9b19f0b7e4755a0386059c0d9bbc78c601f608282cf1f16ed
domestic/star air20.xlsx,3de50375919b5ea7455b96fdd70875ea,26075,eb5b24f0332ee03a0cf68abcafecf98d52476f553a9aec4cc66b8a89ab000df6
domestic/star air21.xlsx,aac870ad01249fe7013cc73a5424a435,26213,b9e2b68881d5d98cc777d29dacb09201c60f5cf1fd0e02353faf9be46cf44574
domestic/star air22.xlsx,273c388f34c947619aa4512854f8709d,26309,96219747e21bb05ef11188e6b777b18ec5ba36f872f02f51d07ca28a82f2f873
domestic/star air23.xlsx,9be2dc05e0a13628af89664b2b9d4193,26221,7b68940028c67847373961b858f5f06e4d79c49a268d98ab925056cf52ec07a8
domestic/star air24.xlsx,a1e4e1589bd4fe951719cc90e051ace3,26350,0a7d69bb21d23e750087e47055869efd836395667775cf7c2d0fb15316e84506
domestic/star air25.xlsx,7d611b4e99c90d4098449dd24fc59c86,23583,e6527a287bde791850d74ef2dd8326d3f554e3b0afbc62c3f12acbfc41e28438
domestic/star air26.xlsx,f062cffb91989d964f84d5a0311b26aa,22483,57f4e9ae5488e39cdcb887e2f66d81877249026278eac0039c2dc0d2a51b4604
domestic/starair19.xlsx,4f72db55b51ef69a37f880a03f830c8c,26288,fcdbcb51d066308d4420fe13e176d2cf7ba8819516876a7a558877fdebd6f649
domestic/totaldom15.xls,e5fdf0d30b9dbf97f359d9ffb39d6767,103424,a9e5f4fa7c2e80c4c2062caf7c4f7b43c9753fd52dd5cb2b072e4f27698d5a0d
domestic/totaldom16.xlsx,af1331b40e6b831af35794f0ab761038,28893,d77d957419759dc94be16ef0327bda9f08a3630ceb6980c65250a86330ffcd6a
domestic/totaldom17.xlsx,6a62cde9916e86aebedbba8a559653a6,26042,ce35709cb922f51538052423d7a339bb114383ca8499125cf6cb57ce0779ee55
domestic/totaldom18.xlsx,0adc29eab783ff4dd4de8c52e3b958a1,20124,022b583b2d31c2d34e6ad4e5fa2ad0709df493c5cd7676596be72a64e8d3794a
domestic/totaldom19.xlsx,134c2aabb71cb278089681e60ec3a84e,20808,b408d8974351b5a447100ce56a921feb20af837ab4f4f893d40eb7e799fd5e7b
domestic/totaldom20.xlsx,2dbb7e81621e9a49fbc39da31c75f503,22388,5eff9e01b36067dfeba51a13e5e5bfe7fa8eb8cc71e7afd007ebc517df6d0c05
domestic/totaldom21.xlsx,bd088ad2cd451865bc8964316fe5c848,25150,97e762efd7c99e8739fc794cbd5dd885ac70e071c0a11f50813d19b956d7599d
domestic/totaldom22.xlsx,39e58600dca4ab72c84e9f2cc34ea095,25071,d6acce1e49fac32f082256338d1dfb75e8e0159da32420245e83b7bd9e66ce34
domestic/totaldom23.xlsx,3238c8314ac7926c10004f15b50c69bf,24761,95adc733b41f117891bc78fc2a2cd1ba7b9edd774b137d0ad2f10d2ddf21981e
domestic/totaldom24.xlsx,08ce7f69755bb08bd944177d696de8d7,24815,311fba8ccc98b97769dbcb76f7ac8058054fa5dbb95ada4dfcfcb30abd2eee34
domestic/totaldom25.xlsx,4aca77a6754e0874afb450283e858a05,22772,971e95e971f57cc16ee3e490b6ba6f7e3a3edae861fbf08809cbc2bae3d8fb64
domestic/totaldom26.xlsx,a49be99508f65b9a464031c0249f2f83,20798,4d022b226cb2a212e70ebd36dd6810d2e555be7ed74ce67924579a525d759ed8
domestic/totalint15.xls,a16097c90a49996c1a1791b18d2d71a9,62464,0b3012bdcd5824d2491e079ccfeecb82ac402f0f1d5acbe25fed19cb92f58c2e
domestic/totalint16.xlsx,b9d35a3ea90bbe62211d84c7ca45824e,28413,b99126b64608aebc922c9f3b3f980d9a9ecd1a84c08fa7d11fde310ed2d51ecc
domestic/totalint17.xlsx,c4109afffebce59298150e49a35bbb56,26265,75a5488a62bbe0799d7bb20d5de93ddb9ecd745547bc89b85549ba4c0e7bd375
domestic/totalint18.xlsx,97c882d4c72d6a80634356e23f8951ef,19483,6189bed43da12e592b0388b2843cf2b3eede926986a300739d373ef85f394a87
domestic/totalint20.xlsx,a0395248812b1eaf50bb8590860bf823,20749,ff808eb83ad551be3cbdcfbb081fb6302618a916df0d1b8f1553739bea9b8c31
domestic/totalint21.xlsx,ea65c477519b83a493adc6bb07910503,22814,557b0fa2b389da50ce729577a2807b73cdf836ec259e7fe24696cd7e2bbb3da9
domestic/totalint22.xlsx,d78848b5d3ffedb65dd38ae6a5c5891c,24894,5e45c8a2f4617c9fa8f03b3272043f44c414e2dbee9f59604bc0ca9e0d23527c
domestic/totalint23.xlsx,f1f39546f0eb077f5c94d9ec0d42ed34,24982,ea2fe2265bc31fbc29272aabe0fd69b5d7e3c1f4f4d86e4050d021af9a44c684
domestic/totalint24.xlsx,33b31d044ad7e39f964171c050826567,24887,45b24f22521e803f2d91c2e0535444238bc9075139ec92e0662b80760f4cdf3c
domestic/totalint25.xlsx,5438e1617a9a4d54b7e17b66f7053c5b,22253,a484ee5aff21025fd1baf6e2e8a1869cfaf0d105e7e9abe3c4e426fcec50fafe
domestic/totalint26.xlsx,7857b667859588e140a7552edbfb1f71,20352,a7524f0557e3f6e8742b2f04e5d8c413c618ad1b4b783be8fab049f6e7161453
domestic/trujet19.xlsx,3a68f086fe1a6b4a8e5c52ebcfc1d63f,26375,3859c8c5194f7c6d76c61c49f5f7e872bfd489e7e703ad6c4f38c68eed0d433b
domestic/trujet21.xlsx,8e6c5ccb4be41e806916729c4176dc22,26220,80a2c2ac8cda52e72a32d711fe63d8b2b306ad7c5a2bc4b50e722eaff583283d
domestic/trujet22.xlsx,630b5ee15c97532eb511cb05ffa0fbbc,24587,0fbfca44de428fc660c38490b3612909cb38777289b9ca6b47c6cba61749d4b0
domestic/trujet23.xlsx,6746e9242ab38b2b5feeb5527eaf03f4,24896,8623f96f9513d2a35a64c3574f302d26e051c84baabb00591d4d3e1611801a7c
domestic/vistara15.xls,b8ec7d9566d216d05950f590046ae2cc,46080,cb62137364ac6edb283d71a970c524260a0eeed0c1440bbd2722dfa7d078ac7f
domestic/vistara16.xlsx,1c377468f61f1538e03b48135fc9edc9,25721,338ada25cac8ff90bcaae00344c9de49f7a75d9de85298d7a6e7f0c8b3ab6844
domestic/vistara17.xlsx,4ab91cd7a5499b99cc5ed23e364466ef,25076,c90ac1a731786cae7db414b7fdf0b80c4323213bc328bc09f30cc2c7700ef948
domestic/vistara18.xlsx,1735f616b5319eb0d4831111a0fb08a9,17520,873483384dc0a013ab4778c395ac2b5660ef9d1311be48ed39afbc362d5c1cfe
domestic/vistara19.xlsx,9ff6b7059f5a21b11af7f4dd3db196b8,27761,d6702df68ee221d79a8f0742b793a7aa3163f35c714e4080093129d98c559ae6
domestic/vistara20.xlsx,620585dc0295737216eda1cf4148c85c,28834,ed3fc855f7dc541c4f953f68dfdb95078c5d688f0a54815795ec1c697d892be7
domestic/vistara21.xlsx,aa41f5504c434f9973ef5899f16e4490,30282,cad6a13b19f7586104daa467254c408a53df1a43cd30d6c02191f9a67cd42cff
domestic/vistara22.xlsx,361f0050cac8e9e08ba691acb525cd35,30642,c15264ded6c0eceab1cf00b5fa58da0564e7c494e420b8ae747001fe93aa754d
domestic/vistara23.xlsx,c7683e24b94d4bbe0a1eafa2809899b7,30721,475f77ee6f78c60c64cbff49db645b9947339252e86de79d57f61ede4f887d96
domestic/vistara24.xlsx,40e27926646d87e215785b6d4369071f,29942,481369e7514f0185081cc492fedd45150567172be4d0cd408abf6dde8c10b333
domestic/zoomair17.xlsx,000cfcca742b8e09148ef1a35f610d9b,19920,a410313063823ad2e4881c01ab6dec2e1d55b895603b6dce382c7148a124fca2
domestic/zoomair18.xlsx,c347c79b97b7a8fc51d30b950fc2a0be,13762,e91c83e5b67d05b14b0ddd0ef652d64faf2ab3b73cd47caeebd6dddbc8cd22ad
international/15Q1_1.xlsx,0afdc60677d9a59926e61d8640a88179,15746,c1c12c12fa05005aba3ee306277b6ef3e1a36e90ca83dc1fa2a48913f9c70029
international/15Q1_2.xlsx,5f6d446a2143af1f91daecde94b55cd3,21997,1c09a37bee1c44499ee4b9658ba5d12ae1031d261e5ee4902bb54f944c037ded
international/15Q1_3.xlsx,1a73140c32042a282d7a600f35565dfb,13136,c766c1eb152bf47f7b65f754d948032c11ab50e2094a11fc506562c7add1f62f
international/15Q1_4.xlsx,0c9edd58146a828c985732f898575590,27767,bd87f3eea35c052f06ad23a814aabca6ec3dc2e967af34d532db5e1e92eae461
international/15Q2_1.xlsx,a1866ab39eef21e1aca1bf3092eb9af8,15513,7295217390365849d8e9a3c1a8a8ac2a41bcc9759a3740e2b7109efe7e8ee543
international/15Q2_2.xlsx,404a751e57309975020bc67d8db24c6d,21252,bf46504b1824e80c38180bd3cd20418182d1835cd96580fc8c6d012de9dec9a1
international/15Q2_3.xlsx,bedc72a7e9877dfe8c752454fad95178,13185,f52a8f8d46e79e352ce55a39bf79dc13c80bdabc1a8ed6882e1b9a5f23cf8e23
international/15Q2_4.xlsx,654f158649242c5b3d8e37671bba6bba,27445,1584660912f601271c4b25ba90c1639e32557e8066cc7aa283485b0cf72237ed
international/15Q3_1.xlsx,c6d2589ad59182eb0fee571c813229bc,15296,f9bbbb70838ab3c1056dad0b9ee1bd1bd3328b5e36325f6213be8e8635e0107a
international/15Q3_2.xlsx,e2add8e7dd331973dfa1743af0a828df,24286,21c097a9671f217fe78dc74dd6b3b3a5e4e8a5ad93e6a1dedb45fb570c5b6ef2
international/15Q3_3.xlsx,1907823d2e8d831dcfd231631a89cd87,13333,b896dbbbb632abd3acf75f773ccd302c7d397a1b5b498196df88364c1724f94d
international/15Q3_4.xlsx,5f1565d7029b57c00db928ee867cb2ce,29022,05f32e6685b006cc68e88e504c288f453e21268195745659ad125a8df671c878
international/15Q4_1.xlsx,d831f42cf82c0b6d5c612516668de819,15480,f0e3bfd0c29a306feee53488b33facef413c70e1a3fa72dce99a9536fb4d0f9a
international/15Q4_2.xlsx,7d6dc33c289195d1931d682cb6f6236a,21938,f5e8140f52a3dfe28a5afb069a7d4ac11f1bf97b90c8c6b72158ac80b2cdf962
international/15Q4_3.xlsx,9b3ad1f770b82d7eb85e30fa6b5edc93,13253,c6c2deba550ced0f6910eabe35f25e5c6568bbf2818caed59b0b9b2d97521a11
international/15Q4_4.xlsx,b6815206f41db66aba07cabf616504f0,30461,6219d08e343a11915f275450cbb4dc17907bc49474b80f427db8b357d3ea4755
international/16Q1_1.xlsx,f2cd9c1152a7accbe7112e8653cc69d8,15910,50e49b82084070ffef2bf44170e5495a7c93d867c3a89b259bdb23f0677ae8e3
international/16Q1_2.xlsx,1c2ede24b4c63ba8b60c97e291540d7e,22497,a34b93a3340eab0573a384a06b0baf25db761f980b33c501469645fa0b4d0b85
international/16Q1_3.xlsx,652e973ba3e847c0e25f13afab850dea,13597,fb76c45820abde5aabb1627174b7144eaf73198334f4bc64943917fe4910ca4b
international/16Q1_4.xlsx,82b538c1fb797acc0f489a7a10209112,31929,28ffe135bdb7e038ab6f57ece076592098a50fac93d26c6bff503a61156b3fc7
international/16Q2_1.xlsx,d4b3ce8d7ed3d89b5904f23e92ce7810,16736,6b070277fc3d49110d7a65ccd85f5eb1f8372e02299d430cf6dc5b635f1b3bcd
international/16Q2_2.xlsx,560bd5879d80a91e2b3a5f58b15f7753,22776,3a4b246733dbddcb290b5099e65c38d776981b68cd6eb992db17dd3fa1ca60c7
international/16Q2_3.xlsx,cd9d708404ce55f77bc08a358bd6d202,13656,4591d6fcc57e5062024636a1b275a5a6a72be51a00fd0541bed32c5364d9d4c3
international/16Q2_4.xlsx,5093d4229d2015330cc279f65483d6fa,33384,aa751fa8f9a630cd9dea5e8e6ef515ece6253b5118982af4323197a532589b7c
international/16Q3_1.xlsx,823b2211548d99389a1eb409d8707842,16507,1e549e9cf9b970e271f3fe97a7d6e0c9d57bd2a832590cc38e2f75b677b94998
international/16Q3_2.xlsx,c5e4a0a91c768181a051183976944a81,22924,63bfaeddeccdcb884de6c4f7424fd53b3a00552f37979cba1c758923c8558da4
international/16Q3_3.xlsx,0efff4289ce502c561be537d65edcf47,13728,b020f63a4bf101792eeae6e57231ef3f33990361ebe91aea12426be70cb1a42b
international/16Q3_4.xlsx,dcac038c52fa14dc3f4deb717eebb1d9,34147,3431191b399eb32718c3f79881e82406c222c8e8edba49e2694e4bea14cdda8f
international/16Q4_1.xlsx,476286542591af9f8b1e85b08b1254fb,17058,1ea600c1caf552307fc2de4c967efd7585d3bfe747308378f297bf3fa9497df1
international/16Q4_2.xlsx,542a27f47c761cd7e1a0074402e8f741,23487,d48fef25c24165500465b81c03d4ed6f612a99c973b84d84644c3e564abf7d66
international/16Q4_3.xlsx,f63a3a7532144ac753483dd9d448074c,13916,c9b213b339d26b5d978fa380da7982f7fa166d65b8085d32eedad534a5637b06
international/16Q4_4.xlsx,d129732432b3a65b84b022956011ed00,33089,e6995dae713b2d97b9ca2878d31e2ec316ea1bae66e59b8533d9782263686c33
international/17Q1_1.xlsx,f8bf4655440edf6fb5487d20ce94c406,17122,548c135ec9135252602b7e4579471896def8fb68249e6d60c27a8f4c75159542
international/17Q1_2.xlsx,8715b8cde8c6af4c3e06204da91492c9,23866,f6a8bfd8fb28530d62c6d3e4aad309b048cb2d1209cee31e66fefc70801c1735
international/17Q1_3.xlsx,7fd9f2b6a89c657f950d9dc38383f5d5,14187,090a183ad04181b01adc70e4c3a40e7a8581ffdfe8ead130ab2484dc4a1c5f74
international/17Q1_4.xlsx,26a2bb5fb7d742455e8b29867aeb0998,34974,64d934e793964284b096d0fbceb98570fb2538d98a29172251a8d29e8809e37f
international/17Q2_1.xlsx,efb864163194b336f05eb1094c251675,17035,b8d211231045ea4422798dd142ed01db96e5229756ed05ebe7e253bf08f7ef3f
international/17Q2_2.xlsx,b11a26f529ef370f2f8b66b7ae95d7d0,23058,1bc4216fd2d4b690cfb87d8a0a6ed5af4a7af13a514cbb059aab44ec4a82cd8d
international/17Q2_3.xlsx,70e006d7c69c5b57b53cfa786dc680d9,14013,de1db1fa69f1d7cbb61dbd692c64702dc9d0521adab9df69c1c2834897a1bdb1
international/17Q2_4.xlsx,3447fc648f19d3bf3faf7069be03f79d,38270,31cf556f6d047d5a8c5956306f71f68a1808e497a8ead3dfb7e075f9c7dfe986
international/17Q3_1.xlsx,677ac23e0f1e688ad0ad1715f4b57e80,20611,adf58ceaf54e8650ae1e28a489aab2b0ae2aa01ea6b4267ce89b1d6f33a95913
international/17Q3_2.xlsx,bede693210dcc2f80f6331057d521969,22819,8a77061796b6bad71872cbfe8fa822dcc322379540b513aba2bd74c749a3b527
international/17Q3_3.xlsx,0c941cb45d39e0ba9cfa8c50ffe243a1,14224,3b6c517898e7ccb318e14f8c3a56796bea81b3d397d6ee0fbea4cd238b226936
international/17Q3_4.xlsx,4734edfb44ebc0dc35e978fa8de40306,35950,663168e66f8bb6ad10724d4f5c0fe208f9a18bd4aaa3ccec98a641b5caa7d2a5
international/17Q4_1.xlsx,ec8b8b96304bd83a5b25a0e42f9d3b0a,16562,455baaf088572286d945a8c5d179ad6d012454ce593262a0ccced601f75c90b3
international/17Q4_2.xlsx,90b0c7dec17d8d5c4428ffb08b9e1bf1,23080,c9ac175e81958bc6ae3c377d01df31c7fbc84ddc1cf1630760f41bbdcabe29f5
international/17Q4_3.xlsx,db01666bf58c52aaa46e765ada2e9580,14077,5fe54cca795376e63452b89ab0e6109c3d239f637911f1c15a5e47d7837f1137
international/17Q4_4.xlsx,57753e0a39835b2b4ab7cb5b45068fd5,36652,f936489e3b2451023e24a0f225bff58b9385c3792669aa940ee93ccfe815f7e0
international/18Q1_1.xlsx,62c6b5b80f27fec6d0c00fb30531cc40,16627,842946acfdb8cd3f1aebdc09d767eff0acf3e1ea5b2e14c2241d5c5f5736e575
international/18Q1_2.xlsx,b16ac2c287ca37949b1fbc06b5381ecd,23219,c87bde6397a200e4518e0d55a6ad3aadb3d718a6daec19a82c2ea0ece8bbc569
international/18Q1_3.xlsx,84e6ea6c34c28fc7ea9afbcf5788e2e6,14071,40d56a59e06cfc792babf68d035a0215a0c1fe7ca85f97f44477706628a14c0e
international/18Q1_4.xlsx,93f9688ff741040ad683b0ea63c74e09,36753,1b469a3b222b3a2b4925c78e046aecb61aba87499c77675ae923c21d9237a85e
international/18Q2_1.xlsx,7771b6e47857c86cb0efee2294505151,16536,7d4c6215394eaf4bb26050ca1d44a5a9fab120fba39277dc2cb306bb78ae7eb1
international/18Q2_2.xlsx,6535f00ea0f8c8e13cc59da636ad2ef6,23119,d20a75b64a9514c12bdc0f9bbccd2d59df8c8185a9e929ee954cb0d951b737ef
international/18Q2_3.xlsx,7808752e2663aca796bcade15155574d,13977,e6b0b980243fcbfa0de11e221c24e3ebd61ec00306d51760c4764d188c3a2cc8
international/18Q2_4.xlsx,1332e8c8f9ac68b9b487dcdea2ae20f0,36111,2762e851aac35431e183c5a8866161c13fe435fc1ccbb44482a601498cf0534d
international/18Q3_1.xlsx,6aa437b1bca594fea30baa07e79aac7b,16246,c2beab53fdb29f3453dcf1a6d1e103654fb4ddb187c46156eb9db713f406a0bb
international/18Q3_2.xlsx,b860a0b9b5746bfa84450c2ef77224d6,22462,2839fe8f83fd6a67e521e1ca533b33142451085ab81c5bf04020269933a98ca3
international/18Q3_3.xlsx,b62b9d9bdb7cad8079db8e6de251f1c6,13969,c90cb03b493e72735d245b16859e1d2ce8842418c19f88713b5159811123c6d2
international/18Q3_4.xlsx,97af3b7d5cc6cb964d34b54cd4bf4c4f,35625,40a00af08970f8d809fb0b2d068a200271b21c868f85ae3a4832e6296f9cfec4
international/18Q4_1.xlsx,6bae3f9fb0f3f7c91149bcf66e06a486,16524,b0eeacdaa3c7e1fc8c780fb29932f753dd1e507b62de1248a5e803f4e3028f9c
international/18Q4_2.xlsx,55d0ead4c09f5057dc78ffeb5f3522ed,23147,622ea2e74b881cffd4dd3cbdafb25be309e1ed035984ca40daf09bf3bb933493
international/18Q4_3.xlsx,e7c427b942bf9a58fb04d03e3c3f3ff8,13987,7265940d240796fe412bfc1f2e8748a2e3b466935a985d7d3d5227c8d7c4f105
international/18Q4_4.xlsx,f87b08dcf31772014bfd753d3a52c016,33039,df1e534d832792c40c4df6a0bba9901ba77c9edc9603852222049e22539887b8
international/19Q1_1.xlsx,c5acae2b3636f7a614d88b8eebe5e0ff,16411,1bed3eba4a11444b13390f70989e1a7c16bc12deda8ce2856f48735afb1a9cc1
international/19Q1_2.xlsx,d1f26393a5851187462e2a09c438a1e6,22808,da0112f8c2cd7b179ff10d88d2fe3914b01a5ced3aa4b59f9b1d0cc2fb79b9a1
international/19Q1_3.xlsx,6af4595fda9d4456128847e588bcbdf5,13877,15767897f3be84b8379d4caf2d88277bab0f9aa481c2466924e3daaadce583c2
international/19Q1_4.xlsx,e65fcab476fe354fd5a79315fbffe8a8,34673,c5072af3a73253b0f495208a99856f6f6cea7b4d03dea78a9a451fac972cc09b
international/19Q2_1.xlsx,82dc0d404a9751df8747a60083450543,16389,ae3ac25e5ea62a276d7ea3a5cf6605fb387dd25945d4eda9e89db2732830f9fe
international/19Q2_2.xlsx,ab9a5de9d3e2ebcbf0b344bb27f99167,22139,e9d0892d9f2a6d104a0db7888ba4a72bfbbd2ead7ca2396406a5b5cf411bc6fd
international/19Q2_3.xlsx,d0a64d7206f43c16a22c06976ae65cff,13764,fe547cf986691ea49cf727fdc7ca36da0312014a85e0a3aec9395de9e97b0d0c
international/19Q2_4.xlsx,6afcf41d52fe1393b1eab218637e520b,30960,137bbce94a27540d55cd5f7525516c3e7225e55fe7d96fccacb3f2fee183c4dd
international/19Q3_1.xlsx,7739e9ef87877b0d1eb2954697ceed17,16424,e4905eb9f1d0d65e1304fe8646b0323109fd0e3db05b9caf1dda4595bebf4dfd
international/19Q3_2.xlsx,1aa9f888ef62ca14c89cee5f9b6ba7a7,21432,c8b29b571a555cf4eb3d903588b47f2a0f7779c61e7907ebac9c7094b7fbb755
international/19Q3_3.xlsx,cf22a2298e96b4ba470173dc0a567334,13808,bd92b19215ac40a5706ab747ec3e936cb08b7a5a993975d04df282fe5e386e1d
international/19Q3_4.xlsx,f62de44f6b4ce49b1cd2038a0f7f8918,31784,200d2adbc625ed768d815a0277932abc3d770827b949d7817e0b997727f0757a
international/19Q4_1.xlsx,9007a44b19e627164a19985d59dd56a9,16254,4b582e1e61c0389ff1dca362fb0f85a7c71de5704e460083df478d99da2bd222
international/19Q4_2.xlsx,e8f082fc71e0494edeab387a09100856,21322,ae5bd4f1facb54e767d61b1bc20aaaf00963c2d0f0830910d08b4977457667a9
international/19Q4_3.xlsx,56158d32bb6c779a1a9fdc62602c6128,14150,20293768a844513808cfee3279445b0f38dc0f99ef3877595109f14e58b2caf0
international/19Q4_4.xlsx,70550ed8b0dc7f9046f2bd536437c794,31038,a55c17fe02aeb2ce5942a71e37ce464a578aa846836c1bff4b4a9b60b8f25fee
international/20Q1_1.xlsx,bd0bb25f2b8c7ddbb1a99a5d98a13075,16462,3139c9b3825eb4beeb7a6a86c6c335a9dcda45c0666fae65c3f4b5e62db1f10d
international/20Q1_2.xlsx,25d396f4b1c3d6a859c873981f8a71e6,22366,c3ad2fc18c49edf167acade149cc90bbcd1177d69f6b39369467ab2a942ef191
international/20Q1_3.xlsx,68d60125f85241d682346ee096abb743,14265,f273cab8f645aeb22f8ac50360baefa631db86430bd87dc0f5fddb65f5b5390c
international/20Q1_4.xlsx,66b7bf8a172528d1eab8580635e46457,33590,d6c99f9783034e63a72bfb9185e9b81d4317857e0e2b39851d13f381cf2540b7
international/20Q2_1.xlsx,8df5f90c2c0fbae809dcdab1216e4efe,13997,5cf5756e5d84c3573a26e6f567a4f0664bd7a08ccff22497ac9ffa7e2461eba2
international/20Q2_2.xlsx,b486f2ea1892a51658487b4d6f5657aa,17354,6a7584bd63ebf308312e9af7ad9eee92942c907925274b48b7f61beb3463ef46
international/20Q2_3.xlsx,a13ff1de31ae16eb0abb8f047f60bb01,14330,f23febdf1521c22d402a53b4a8ab0b55aab67bdf86140dec8afb8c3d7a64682d
international/20Q2_4.xlsx,2d2e711e241840528f27e9b999481017,36557,12ba10a55cd9d1c615760b730a36df50acb938a7e557cdd921a7ef6498296b0b
international/20Q3_1.xlsx,9b786dc89fe25f0b2e4fc8a6bfedf82e,14556,b002a5b0b33217ac97bce50b2a1221717444a7ae3658a155ca377dde58c06252
international/20Q3_2.xlsx,7b30c50fbc04096831255fd139ee00b3,18945,195c4ac6dd232dfaa7e3e48df8a6af9121e5cedf49430d504ec8a1d826e8e546
international/20Q3_3.xlsx,2bc7e5e9e233b871ed7b42175c759b3d,14312,bfc5703378eb4e0a24c7e1abe8b078548efbaaccb620345162442015a0870aef
international/20Q3_4.xlsx,aacc6893d09e773624d58978b8c322b8,37663,b416347e84847595eeceb392982cfe5669a56aab93c969c90615c567d6aa0ff7
international/20Q4_1.xlsx,f58225e9b309746bc17f2e06d8988d04,14278,4cefa83618b83f06ff0f079dc460956f296a1bb3a9894d02640be21f980bd939
international/20Q4_2.xlsx,dd5755bf891a2ef94157b983abf34431,18691,c2a2aeac58310b912e4ba7929251c6f492f135a43c7bdb1cc43f127368666b0e
international/20Q4_3.xlsx,88458ed3238172507c829564910d3262,13868,397759c090ba4f77dd36b9df1dbc8653a21daf17e276eb1f6c569c42a34ff7b6
international/20Q4_4.xlsx,6eba377a6da4099b6b3aa30f59713dbf,31009,5e45dfe969b3a4531ea7da2098f8bab352b3ab596efa6b02344c5f12fbec755f
international/21Q1_1.xlsx,b2daf5b3e46939939c1c7e298173fcc2,14560,4197bf5ec2045a6df3b39f72edd16efa4030d9f2de2359e3aeb8c280c5342601
international/21Q1_2.xlsx,a85118f57402543908e8619e185f1e31,19208,c32429b24ba00ec4b315d5ce3bd76ede4d98b0be554ba521944498cfea299257
international/21Q1_3.xlsx,0d9d16970e49956bee7e18d0619e255d,13992,424f997ecb6d5891d37c37f39514ecc0a00598fb60182526379d19d376e00a9a
international/21Q1_4.xlsx,0197384f620695a079536293888d0983,30437,f5bebece93fb4cc4d7d58e0b878f18b70d4cc3625d7f7d2a45c8187bc4454d6f
international/21Q2_1.xlsx,1042e2997562a87030da69fca73a82fe,14580,9dcaf3f99c20f062ee7ec23dcfa66091f150a05846d07a417860c7ff793ee4a8
international/21Q2_2.xlsx,8144ca516bd6ffca92c1708741335c4c,19134,78ba3d792c476d9e6d6c7389901395d71873bc5d192d0019d3efaa93b491de35
international/21Q2_3.xlsx,57cd697be2fa132d68972dbea2de53ed,14111,909aeda35bd8db9c8f5a1ace9ddb12e2b81d5780e677c1a80f413ae489213c8a
international/21Q2_4.xlsx,4e3ff8cf93600b31c5a904518c13f6df,29777,0d7bafc9292080fd18bac4579db34a297bb33cfaae05d4793032dd02333432ed
international/21Q3_1.xlsx,3073ec168529c5483dbd6f5916a8051b,14552,2133700b930069e1085b2aec6c27f1cd5d10eb102c6f3ec1a9384b048837329b
international/21Q3_2.xlsx,973da8da87b06f7564c713d272fb9aee,19279,10c1e405162dd74f793d78d19cdedd52b1cc5dd914a6780ab678d327b522ace4
international/21Q3_3.xlsx,05ac5386135096a669a8d441077624b6,14097,fa3d955e82e5cda961abe7719c03aca01eab213c0bdc4efe6996704ce128db83
international/21Q3_4.xlsx,28918cb41a2a53bcea177f63816241af,31877,b8e0b286b370969d2391f80f2533abfce29ffb0a126a28e5a02d6cebe4373fde
international/21Q4_1.xlsx,3114d1fa43ca0b239bebbea4240d411f,15178,63223ebbda778e4bc4306e20a16bf2cbb6b9598e8d3805e0e267397a5ee37ce1
international/21Q4_2.xlsx,0f316eb2edb45a74b4a8533374b2808f,20331,0fc75ff3d310962f569ab196f37ce15dce4a1ea65b242bd1fe190409ca85775e
international/21Q4_3.xlsx,047cd0883d787abcab3b35d11d4ad7b5,14024,f3c69837289b3c92c1033746c35cf3f81eb557a394cce773e885f1b7c5135244
international/21Q4_4.xlsx,a98ab742240ae89aef33691384312b94,32545,4343882ef933dbb6afac17e390177c5812e5921d5cbeec99d47c647acdb06311
international/22Q1_1.xlsx,39c27afefd6d397fb4eaab1cce4f101f,15627,f79af232ce2eabe18e0f1269a0c5cc2713368d7b475210c0eb8dbcf3b2763fd3
international/22Q1_2.xlsx,355264a00008fd31d593eb44c76475af,21276,8748205e65ff5c1a398728b591d35d78ede05e60fc1540487fe60a4a5bb9106f
international/22Q1_3.xlsx,8c95e62a6039a569c9af4eaa3fd16971,14116,18809ef2e228947263067f8857da76efc18a656164392b839c0c9050d0c315d9
international/22Q1_4.xlsx,5dde764760817f65189260151cdc4cbd,32310,fcc000ca7ab24140185113c3d65f06033695f183ead18794d054f3e43911d9f2
international/22Q2_1.xlsx,7da747122dd1a71243b83f24c27a4624,15778,e9bf05b364ee50be8798e7c5beaf203f0af7ce7628b3c6f6a47c3a9ce5e482c0
international/22Q2_2.xlsx,63475967737ba4ab9871614a8beca40c,21510,64392b221d57808ea1062e9f91f0776d5adbd0cd619398a1ab38b73ce2553565
international/22Q2_3.xlsx,c95c16cba95ba22b72fd437ea55ece25,13820,6280c8137de0a2a764b9d7d4bc29af4e92f56f3f0fe0d74058890543faaba054
international/22Q2_4.xlsx,b3610ff4de4719ce1a8919348addd51b,28633,0bb67922cc97cc1ad93751738722c56464bac83a286305a289aa4ed47bc73e63
international/22Q3_1.xlsx,0e960ab1cba35c2014c0aee4c3f905fc,15607,a9ffde9aa7ff0ae0edc1d3727935fdb1837da0bc3b79eb55a81b167e0bcc5677
international/22Q3_2.xlsx,47e9ed671b7c78391c380514f8b5fb96,21576,444edffbdf94990f224fba731ce89b9d73d6816ad6103c7149679dbe9e0f7e6f
international/22Q3_3.xlsx,7f093e288eec6c42640cffe847437bc2,13744,f9d58cfb567da2dce4df5d1f65cb8d25801cdedd677feb0f03ae4df16ed0725e
international/22Q3_4.xlsx,13c9060014c162e484f4d4ca8cb90df1,29161,31065be4a84f4fdd5251f2afca6c2ec72156e4ccbc24b3b56df3fc4714cb1c12
international/22Q4_1.xlsx,ce9720b4a9679fa9d5740dae86322d20,15908,5c1cd9ed1bc989e5ff134a30fa53a23ece45708af06469f3c0045cd207e85313
international/22Q4_2.xlsx,aba292a272cbf17a6ad8de5c8242cfa9,22017,9e8c1d14cc47bc8da5f773fd7f8c4b03bad19cb6e1477f0d4b76cfd6f92aaa61
international/22Q4_3.xlsx,98267a5bd0fff8100017591f1bf4c423,13839,f34908333926cdaba050ea06cb58d23723b94143d0454cbfe8effed48ac6a823
international/22Q4_4.xlsx,07fba011ad9d16ad55c7493ce326085e,30578,3b6de762ff103694a9d1e83f562ec1342bc29d74ef71400ef0ed84498aebdd70
international/23Q1_1.xlsx,db1a731d0d041420c2eca24d3cad84eb,15919,b30470f2476a414a478b45febf12a11d6ef3b0c47dafa376562b65fd1afa32ca
international/23Q1_2.xlsx,943da46cc6784f22091cac6324fc8b23,22099,9c35f46a751209d79cd194328c40336c247c491b88761ab420820543ac3b5f70
international/23Q1_3.xlsx,dc53f29092b9df52bb07f8b04732cc64,14010,705904dbf6bd6ee8da289c800480c324ae8aa6dd7c84764f3dd7e8bfa8493d0d
international/23Q1_4.xlsx,429758bb727e9b7ac84632af5913f4a4,31078,6481579e431c7da4acb1985befb7d1cde2516655cabe5b1328e1c477b05add30
international/23Q2_1.xlsx,f486ba0f2dfb2aa3010606521c00499b,16065,5dcfe331e404b505b52db0ce99c86be268f7c98336ecd9ba1a2988dedf558c41
international/23Q2_2.xlsx,73912ff72c4db1a3b13edecc66775337,22477,d35746809c733dc6015f2043869fc0b9aba7e5fa1b2d61b10b5067625aa15030
international/23Q2_3.xlsx,b833629d28dc3ede51651fb6665c8196,14006,761b4c3fba0c634d78b5c66812aa5539a6f2687ddfa8df6c5393817f87b9b7d9
international/23Q2_4.xlsx,0bc9f4f10bf189c415ab876cc0c7203d,30880,8870f77730778c23ab213644774aae0d641ddab7a3849df2d655629c4aeb01f3
international/23Q3_1.xlsx,869ac5430fad57e15953d1894d735b85,16282,6355dddee38a91d96301affc7e4afe59b88a11c06b03688b7e298eb51484e9ed
international/23Q3_2.xlsx,176ecb585abf3b31634f33b8f36e3c4b,23618,5788801a0d94e98d601d8909deb2f58989bd62d3d76f99297d840071fdbd1513
international/23Q3_3.xlsx,3f177ca84c12a48c67fbe3b785f0984c,14614,74fa21cf7b028a18922677a6ab093104b861b5a6af31dac26c0cbeaa48771b39
international/23Q3_4.xlsx,a068a413ddf63391a45580adef6c2cd9,30168,e80562c23f05d8784d7de58e3c5c69237716e0d42b6d2c8b89a122354ca5727b
international/23Q4_1.xlsx,82ec69a7d04be480b15239f028e61192,20440,3c54ae8156e66e30786f05d6b246407348c3d7afcda42f749fdef6573da53523
international/23Q4_2.xlsx,6427ba75f136657cc190e58163ddf36f,28916,820c3667fc604daa50f186b278f0bb392f09d4d216a8e831314cf36cc13c5ce4
international/23Q4_3.xlsx,6a4698993e030c2cf97d6b0969255a5c,19154,599d4c1e85a1f3482465479e57f538222c6b87d5976039118c7950d698611c9d
international/23Q4_4.xlsx,6cd994d1964c5c4ffe8d622aa905335d,36291,2d467db432ba4cbb1209765d85bcf783dd21225f9e055970350c9c0ba0d5825b
international/24Q1_1.xlsx,f6f43e8c494243eb1ba51c4d496ea4f4,20556,fc65b1c5f4982c80bcbaad0155d7d6e3babed6b065748be4b5f66ef38c137644
international/24Q1_2.xlsx,aa03ada444c6ea7bab67b29e3d93bf14,28870,48d32ad403902fed5571a874a14c3970c470d6332e14d2a9ce1f60c170673a4c
international/24Q1_3.xlsx,2c11eb24ff7a75e0839a0cf3e37c73fd,19139,9bff4466c17bb4382e2203e7281fe46c4793c00b5d96c1f82ad6a58b9a3f0d2e
international/24Q1_4.xlsx,9541ff9fd878f1feb3edca3ff78964d9,35759,b5c277b00c8c68fe208bf559acbae1659a617677853a84117a914a5b4e8524cd
international/24Q2_1.xlsx,8b4dfbc8e0d8737916682d435143ba4f,20454,abf965f44485966ebfa5929d2481f4e2e39c3134f71d90910d1273fa2c7c6adb
international/24Q2_2.xlsx,ea31ac56bd7894648589e876fbbf5c2e,28675,476396b4f1dcd041f4219f519de4d98e837a37994a3ba3069151542dcb974d3b
international/24Q2_3.xlsx,07addd3b9351e5a1cd959ff906106840,19148,dcae16793d89a55b69c4c103922bb02f7d67e64d4130b772597c30a35b54605b
international/24Q2_4.xlsx,44e0dbdd796ab51c01aa76c73e7b8bc1,37396,9a15d87aa8c47fae815beb71905f7732864c4b9e5b892aab4dd1219d634900d6
international/24Q3_1.xlsx,7c8b48e68b4a025ee302347de5db9f09,21258,7f7ca831831fd813796e0a5f86f8891a03a1a981764cff8efe61566e17918ebe
international/24Q3_2.xlsx,1a7a83050a9bbde50e51976c4ad97db7,29670,5d41ee9ef564417bb86e567ff700dba10396241bac1971d032391446ef511fba
international/24Q3_3.xlsx,d4276d7355e9f2680f75eabb16106bf3,19679,019669b89d74181c8434208a4b8f11c92ad08d1323cc1fd9eb4d614bade89c2c
international/24Q3_4.xlsx,6825ab3b6191ca53dfd6d61e0313455d,37236,e3ba281239345b4c733ac38b00c1d0987a0f8f75fa0a7954fa1db172666a9c48
international/24Q4_1.xlsx,a66104b11af2053372fc65800494b2bc,16177,9f6b702fb55d7756e5744b0e7a5c1722a9e720f8ce7a1bc855dbe4d80af0b308
international/24Q4_2.xlsx,b57021e9694e5e203ddbc280e50a216b,23053,951487737e3dcfc7054483d25bf1fb0d8270ca697c8853a39c036b42e22dd3cb
international/24Q4_3.xlsx,e5a436189dd01b5d23170f5fb49e5a54,14104,f273bc37039fc77ef133494e4e6b681458f442d25f2c261354f63a7014e66140
international/24Q4_4.xlsx,6b02ce2dcbb3f95495e97a9829325344,33200,e31b08b7f0925bb80cb13cf27ea5020795dc66e85b782de4caa26a4b57f35c44
international/25Q1_2.xlsx,f9b135f79b557d8d52e13a01fb93f140,23138,515e90736d6e9309f76e0a15c438b5dd9cf266f0a085416a68e2da3e5970aba2
international/25Q1_3.xlsx,639e8b01a74bbafd4cf2b29573f3a65b,14175,68832c9f8aef83b4a2e1e1b00666067e6ac98ac48b55ab5cb5ed50e90c757cf5
international/25Q1_4.xlsx,5cff4c9fc33d1d556a790cf562567611,33571,3fa3a8d3def54081a39884684096dc87491d2fa3fec05c00a831f8d345bd2143
international/25Q2_1.xlsx,859077fcfe7e1ffea3c97a2e333b7368,16106,a7628182fff569337c53175040946abd30649d628f8b1eb48eb4fa6f5182e600
international/25Q2_2.xlsx,1b1b645debab73bd6972aca5eb420acb,22843,3fb6bdc6e1b6b662a81e84eb6ee07dea272b37c5eeff4cf7dd516651a29ddf1f
international/25Q2_3.xlsx,7a77ab5506cb858eb23cc82b1f0f474d,14186,c9e403779d64d95b380e1d72ff2d204fd00c7bdcb092213745f4407d051127b5
international/25Q2_4.xlsx,a12e31daea70d349f2011258ad8f557e,34129,429b0179768359010deeb2db4b1a50151e7de0c2cce5fd80d1af12349885d5a8
international/25Q3_1.xlsx,61dec8acaf285e437b7281cb64c5d050,16045,7bfe51937e5b06c572fa78e9bf4a3d650d5efc32db491b23d295c7cfa0618c32
international/25Q3_2.xlsx,412aaf657d6ec43c4b5744b234582199,22796,975e83373ea8315082d20e68082a92abff07ecceafa444e6c1433dd7088d99c8
international/25Q3_3.xlsx,ea15bd8568e54a465fb7494d22af0800,14209,779c708766c19aa8835119cc76d789663a16c83e06b9b5947dc732343930dd27
international/25Q3_4.xlsx,0b101dd7a5af44ea31439877a4e3dc12,33210,71520e5ab1cf7fe1e0e35c44aab61c1f58a8ca29ff655ef15951b68644566955
international/25Q4_1.xlsx,feb0343b9583cf6404967c583f07fd84,16542,fc6a67302bef957317c15d074ba0e575e7535467c5c406518a8b4bbe6072afd9
international/25Q4_2.xlsx,76802a6425ab4301b3d21b8b8be6c5ad,23818,d4c845d1f89f936f3553e3b3d4fb91f1a5ce31199ec2087793ad1f185d552dc8
international/25Q4_3.xlsx,199682a79bd453bd71fac52d50de5d8b,14683,153b03c835fdfb37133b589352c7ad7821c64d547b5647c048a93bac2d4c38d8
international/25Q4_4.xlsx,a10322cac4c4b3c4c6a2acaadf72b0a5,35224,bd01e5b66f02641be2f201a65df74e41af91550425bd656a1a6380c4eb25f1a2
international/26Q1_1.xlsx,899136fbfb52fa2c529a091d8d6bcc88,16685,ba676f0d076c244c0fb36709ba635c8df986fec36c2947cb22a9f09907014f18
international/26Q1_2.xlsx,b14af9a5eb8e06ae56d10c46bdcc833b,23974,23bc78df5b5a8e96ec15e96a20e52f689e729893d54341aab06c53dc1271f59d
international/26Q1_3.xlsx,e133c4d832931d2a8f15cada153a426f,14855,c8394dd58d14cab3dc713682928f77030b9488fa48cbcb904ad608a1304453bc
